Date,Date,Open,High,Low,Close,Adj Close,Volume
2015-01-02,2015-01-02,14.857999801635742,14.883333206176758,14.21733283996582,14.620667457580566,14.620667457580566,71466000
2015-01-05,2015-01-05,14.303333282470703,14.43333339691162,13.810667037963867,14.005999565124512,14.005999565124512,80527500
2015-01-06,2015-01-06,14.003999710083008,14.279999732971191,13.61400032043457,14.085332870483398,14.085332870483398,93928500
2015-01-07,2015-01-07,14.223333358764648,14.3186674118042,13.985333442687988,14.063332557678224,14.063332557678224,44526000
2015-01-08,2015-01-08,14.187333106994627,14.25333309173584,14.000666618347168,14.041333198547363,14.041333198547363,51637500
2015-01-09,2015-01-09,13.928000450134276,13.998666763305664,13.663999557495115,13.77733325958252,13.77733325958252,70024500
2015-01-12,2015-01-12,13.536666870117188,13.631333351135254,13.283332824707031,13.480667114257812,13.480667114257812,89254500
2015-01-13,2015-01-13,13.554667472839355,13.84066677093506,13.394000053405762,13.616666793823242,13.616666793823242,67159500
2015-01-14,2015-01-14,12.388667106628418,13.013333320617676,12.333333015441896,12.845999717712402,12.845999717712402,173278500
2015-01-15,2015-01-15,12.965999603271484,13.050000190734863,12.666666984558104,12.791333198547363,12.791333198547363,78247500
2015-01-16,2015-01-16,12.713333129882812,12.965999603271484,12.643333435058594,12.871333122253418,12.871333122253418,54048000
2015-01-20,2015-01-20,12.924667358398438,12.941332817077637,12.469332695007324,12.795332908630373,12.795332908630373,67548000
2015-01-21,2015-01-21,12.636667251586914,13.245332717895508,12.633999824523926,13.104666709899902,13.104666709899902,62295000
2015-01-22,2015-01-22,13.133333206176758,13.54933261871338,13.013333320617676,13.441332817077637,13.441332817077637,61753500
2015-01-23,2015-01-23,13.352666854858398,13.56666660308838,13.222000122070312,13.419333457946776,13.419333457946776,51579000
2015-01-26,2015-01-26,13.45533275604248,13.907999992370604,13.403332710266112,13.770000457763672,13.770000457763672,48517500
2015-01-27,2015-01-27,13.628000259399414,13.868666648864746,13.553333282470703,13.732000350952148,13.732000350952148,41715000
2015-01-28,2015-01-28,13.740667343139648,13.758000373840332,13.227999687194824,13.291333198547363,13.291333198547363,47244000
2015-01-29,2015-01-29,13.404666900634766,13.732000350952148,13.100000381469728,13.68000030517578,13.68000030517578,53221500
2015-01-30,2015-01-30,13.597332954406738,13.83133316040039,13.533332824707031,13.57333278656006,13.57333278656006,45105000
2015-02-02,2015-02-02,13.597999572753906,14.130000114440918,13.553333282470703,14.062666893005373,14.062666893005373,62238000
2015-02-03,2015-02-03,14.214667320251465,14.691332817077637,14.084667205810549,14.557332992553713,14.557332992553713,72393000
2015-02-04,2015-02-04,14.552666664123535,14.76533317565918,14.453332901000977,14.56999969482422,14.56999969482422,49581000
2015-02-05,2015-02-05,14.658666610717772,15.031999588012695,14.642666816711426,14.732666969299316,14.732666969299316,52843500
2015-02-06,2015-02-06,14.800000190734863,14.893333435058594,14.43333339691162,14.490667343139648,14.490667343139648,48658500
2015-02-09,2015-02-09,14.358667373657228,14.528667449951172,14.13266658782959,14.498666763305664,14.498666763305664,52086000
2015-02-10,2015-02-10,14.50333309173584,14.699999809265137,14.333333015441896,14.419333457946776,14.419333457946776,80857500
2015-02-11,2015-02-11,14.147333145141602,14.315999984741213,13.8186674118042,14.186667442321776,14.186667442321776,146536500
2015-02-12,2015-02-12,12.904666900634766,13.53933334350586,12.885333061218262,13.525333404541016,13.525333404541016,234744000
2015-02-13,2015-02-13,13.526666641235352,13.732666969299316,13.394000053405762,13.584667205810549,13.584667205810549,92865000
2015-02-17,2015-02-17,13.713333129882812,13.713333129882812,13.43333339691162,13.623332977294922,13.623332977294922,59694000
2015-02-18,2015-02-18,13.611332893371582,13.744667053222656,13.506667137145996,13.630666732788086,13.630666732788086,40704000
2015-02-19,2015-02-19,13.666666984558104,14.162667274475098,13.583333015441896,14.11400032043457,14.11400032043457,77311500
2015-02-20,2015-02-20,14.052000045776367,14.506667137145996,13.987333297729492,14.473999977111816,14.473999977111816,89731500
2015-02-23,2015-02-23,14.37733268737793,14.546667098999023,13.755332946777344,13.822667121887209,13.822667121887209,127497000
2015-02-24,2015-02-24,13.81933307647705,13.81933307647705,13.446666717529297,13.607333183288574,13.607333183288574,99054000
2015-02-25,2015-02-25,13.662667274475098,13.809332847595217,13.505332946777344,13.583999633789062,13.583999633789062,58642500
2015-02-26,2015-02-26,13.600000381469728,14.072667121887209,13.481332778930664,13.812666893005373,13.812666893005373,97093500
2015-02-27,2015-02-27,13.793333053588867,13.903332710266112,13.520000457763672,13.555999755859377,13.555999755859377,58231500
2015-03-02,2015-03-02,13.513333320617676,13.555999755859377,13.055333137512209,13.155332565307615,13.155332565307615,118831500
2015-03-03,2015-03-03,13.120667457580566,13.349332809448242,13.021332740783691,13.303999900817873,13.303999900817873,66484500
2015-03-04,2015-03-04,13.283332824707031,13.501333236694336,13.147333145141602,13.496000289916992,13.496000289916992,63330000
2015-03-05,2015-03-05,13.523332595825195,13.746000289916992,13.34333324432373,13.375332832336426,13.375332832336426,73155000
2015-03-06,2015-03-06,13.280667304992676,13.383333206176758,12.8100004196167,12.925333023071287,12.925333023071287,100686000
2015-03-09,2015-03-09,12.959333419799805,12.965999603271484,12.550000190734863,12.725333213806152,12.725333213806152,101050500
2015-03-10,2015-03-10,12.564000129699709,12.899999618530272,12.506667137145996,12.687999725341797,12.687999725341797,83695500
2015-03-11,2015-03-11,12.743332862854004,13.07866668701172,12.734000205993652,12.916000366210938,12.916000366210938,74623500
2015-03-12,2015-03-12,12.916666984558104,12.963333129882812,12.649999618530272,12.73799991607666,12.73799991607666,62239500
2015-03-13,2015-03-13,12.596667289733888,12.783332824707031,12.48799991607666,12.57866668701172,12.57866668701172,81514500
2015-03-16,2015-03-16,12.800000190734863,13.060667037963867,12.653332710266112,13.046667098999023,13.046667098999023,84432000
2015-03-17,2015-03-17,13.028667449951172,13.247332572937012,12.929332733154297,12.982000350952148,12.982000350952148,73411500
2015-03-18,2015-03-18,12.997332572937012,13.392000198364258,12.87399959564209,13.380666732788086,13.380666732788086,72313500
2015-03-19,2015-03-19,13.466667175292969,13.63933277130127,12.968667030334473,13.043333053588867,13.043333053588867,127128000
2015-03-20,2015-03-20,13.16333293914795,13.265999794006348,13.041333198547363,13.20533275604248,13.20533275604248,64042500
2015-03-23,2015-03-23,13.233332633972168,13.366666793823242,13.164667129516602,13.308667182922363,13.308667182922363,39474000
2015-03-24,2015-03-24,13.43866729736328,13.586000442504885,13.31666660308838,13.447999954223633,13.447999954223633,54748500
2015-03-25,2015-03-25,13.218000411987305,13.239333152770996,12.846667289733888,12.953332901000977,12.953332901000977,85956000
2015-03-26,2015-03-26,12.928000450134276,12.986000061035156,12.646666526794434,12.694000244140623,12.694000244140623,61920000
2015-03-27,2015-03-27,12.604666709899902,12.619333267211914,12.09333324432373,12.333333015441896,12.333333015441896,129073500
2015-03-30,2015-03-30,12.390000343322754,12.81666660308838,12.119999885559082,12.704667091369627,12.704667091369627,151342500
2015-03-31,2015-03-31,12.902000427246094,12.917332649230955,12.560667037963867,12.584667205810549,12.584667205810549,75399000
2015-04-01,2015-04-01,12.579999923706056,12.81999969482422,12.403332710266112,12.505999565124512,12.505999565124512,56919000
2015-04-02,2015-04-02,12.682000160217283,12.881999969482422,12.666666984558104,12.733332633972168,12.733332633972168,75156000
2015-04-06,2015-04-06,13.199999809265137,13.850000381469728,13.166666984558104,13.539999961853027,13.539999961853027,186837000
2015-04-07,2015-04-07,13.500666618347168,13.670666694641112,13.40933322906494,13.550000190734863,13.550000190734863,65218500
2015-04-08,2015-04-08,13.880000114440918,14.0600004196167,13.724666595458984,13.844667434692385,13.844667434692385,94546500
2015-04-09,2015-04-09,13.895333290100098,14.024666786193848,13.7413330078125,14.005999565124512,14.005999565124512,57003000
2015-04-10,2015-04-10,13.989999771118164,14.109999656677246,13.93333339691162,14.0600004196167,14.0600004196167,61015500
2015-04-13,2015-04-13,14.029333114624023,14.199999809265137,13.936667442321776,13.985333442687988,13.985333442687988,56373000
2015-04-14,2015-04-14,13.904666900634766,13.965999603271484,13.699999809265137,13.830666542053224,13.830666542053224,45390000
2015-04-15,2015-04-15,13.830666542053224,13.97266674041748,13.773332595825195,13.85533332824707,13.85533332824707,29286000
2015-04-16,2015-04-16,13.846667289733888,13.944666862487791,13.752667427062988,13.779999732971191,13.779999732971191,24886500
2015-04-17,2015-04-17,13.666000366210938,13.791999816894531,13.56666660308838,13.78600025177002,13.78600025177002,37048500
2015-04-20,2015-04-20,13.785332679748535,13.856666564941406,13.59000015258789,13.684666633605955,13.684666633605955,38389500
2015-04-21,2015-04-21,13.720000267028809,14.050000190734863,13.620667457580566,13.96066665649414,13.96066665649414,51487500
2015-04-22,2015-04-22,14.166666984558104,14.791999816894531,14.112667083740234,14.629332542419434,14.629332542419434,117945000
2015-04-23,2015-04-23,14.5513334274292,14.76533317565918,14.476667404174805,14.57333278656006,14.57333278656006,66168000
2015-04-24,2015-04-24,14.699999809265137,14.720000267028809,14.534000396728516,14.562000274658203,14.562000274658203,36417000
2015-04-27,2015-04-27,14.837332725524902,15.916666984558104,14.800000190734863,15.436667442321776,15.436667442321776,175089000
2015-04-28,2015-04-28,15.649999618530272,15.699999809265137,15.20199966430664,15.36533260345459,15.36533260345459,91281000
2015-04-29,2015-04-29,15.33666706085205,15.664667129516602,15.175333023071287,15.49666690826416,15.49666690826416,59041500
2015-04-30,2015-04-30,15.359333038330078,15.526000022888184,15.011333465576172,15.06999969482422,15.06999969482422,58678500
2015-05-01,2015-05-01,15.329333305358888,15.451333045959473,14.694000244140623,15.0686674118042,15.0686674118042,79225500
2015-05-04,2015-05-04,15.211999893188477,15.648667335510254,15.140666961669922,15.36733341217041,15.36733341217041,66519000
2015-05-05,2015-05-05,15.850666999816896,15.966667175292969,15.275333404541016,15.529999732971191,15.529999732971191,86953500
2015-05-06,2015-05-06,15.606666564941406,15.631333351135254,15.213333129882812,15.362000465393066,15.362000465393066,79063500
2015-05-07,2015-05-07,14.733332633972168,15.83199977874756,14.68333339691162,15.786666870117188,15.786666870117188,141838500
2015-05-08,2015-05-08,15.732666969299316,15.894000053405762,15.579999923706056,15.77400016784668,15.77400016784668,70023000
2015-05-11,2015-05-11,15.752667427062988,16.191999435424805,15.687333106994627,15.965999603271484,15.965999603271484,85084500
2015-05-12,2015-05-12,16.007333755493164,16.42333221435547,15.879332542419434,16.31599998474121,16.31599998474121,95451000
2015-05-13,2015-05-13,16.507333755493164,16.553333282470703,16.149999618530273,16.211999893188477,16.211999893188477,81603000
2015-05-14,2015-05-14,16.321332931518555,16.326000213623047,16.083332061767578,16.273332595825195,16.273332595825195,43438500
2015-05-15,2015-05-15,16.261999130249023,16.626667022705078,16.166667938232422,16.589332580566406,16.589332580566406,67914000
2015-05-18,2015-05-18,16.46666717529297,16.65999984741211,16.399999618530273,16.583332061767578,16.583332061767578,50298000
2015-05-19,2015-05-19,16.562000274658203,16.733333587646484,16.40999984741211,16.47599983215332,16.47599983215332,55113000
2015-05-20,2015-05-20,16.475332260131836,16.516000747680664,16.091333389282227,16.290000915527344,16.290000915527344,56334000
2015-05-21,2015-05-21,16.20199966430664,16.441333770751953,16.157333374023438,16.374666213989258,16.374666213989258,29559000
2015-05-22,2015-05-22,16.358667373657227,16.573333740234375,16.333999633789062,16.51533317565918,16.51533317565918,33346500
2015-05-26,2015-05-26,16.511999130249023,16.799999237060547,16.433332443237305,16.497333526611328,16.497333526611328,52480500
2015-05-27,2015-05-27,16.567333221435547,16.633333206176758,16.3700008392334,16.495332717895508,16.495332717895508,51123000
2015-05-28,2015-05-28,16.468666076660156,16.786666870117188,16.336666107177734,16.76333236694336,16.76333236694336,54709500
2015-05-29,2015-05-29,16.733333587646484,16.857999801635742,16.6286678314209,16.719999313354492,16.719999313354492,56839500
2015-06-01,2015-06-01,16.76066780090332,16.773332595825195,16.49799919128418,16.6299991607666,16.6299991607666,37576500
2015-06-02,2015-06-02,16.594667434692383,16.626667022705078,16.420000076293945,16.55666732788086,16.55666732788086,32022000
2015-06-03,2015-06-03,16.546667098999023,16.71466636657715,16.46733283996582,16.599332809448242,16.599332809448242,26722500
2015-06-04,2015-06-04,16.5,16.6200008392334,16.380666732788086,16.39466667175293,16.39466667175293,36804000
2015-06-05,2015-06-05,16.399999618530273,16.64666748046875,16.3786678314209,16.609333038330078,16.609333038330078,45330000
2015-06-08,2015-06-08,16.72333335876465,17.25,16.687332153320312,17.086000442504883,17.086000442504883,75255000
2015-06-09,2015-06-09,17.02666664123535,17.182666778564453,16.94266700744629,17.066667556762695,17.066667556762695,39166500
2015-06-10,2015-06-10,16.793333053588867,16.933332443237305,16.566667556762695,16.713333129882812,16.713333129882812,51817500
2015-06-11,2015-06-11,16.884000778198242,16.95800018310547,16.69533348083496,16.76066780090332,16.76066780090332,30661500
2015-06-12,2015-06-12,16.680667877197266,16.8973331451416,16.680667877197266,16.71266746520996,16.71266746520996,21334500
2015-06-15,2015-06-15,16.64666748046875,16.75200080871582,16.400667190551758,16.691999435424805,16.691999435424805,32793000
2015-06-16,2015-06-16,16.67533302307129,16.895999908447266,16.606666564941406,16.874666213989258,16.874666213989258,29770500
2015-06-17,2015-06-17,16.81133270263672,17.624000549316406,16.801332473754883,17.360666275024414,17.360666275024414,82693500
2015-06-18,2015-06-18,17.46666717529297,17.56399917602539,17.334667205810547,17.459333419799805,17.459333419799805,41740500
2015-06-19,2015-06-19,17.49333381652832,17.586666107177734,17.34000015258789,17.500667572021484,17.500667572021484,36945000
2015-06-22,2015-06-22,17.476667404174805,17.626667022705078,17.04599952697754,17.319332122802734,17.319332122802734,68416500
2015-06-23,2015-06-23,17.35466766357422,17.866666793823242,17.238000869750977,17.844667434692383,17.844667434692383,58062000
2015-06-24,2015-06-24,17.798667907714844,17.823333740234375,17.58133316040039,17.67799949645996,17.67799949645996,36184500
2015-06-25,2015-06-25,17.76333236694336,18.0939998626709,17.683332443237305,17.91933250427246,17.91933250427246,42738000
2015-06-26,2015-06-26,17.926000595092773,17.94066619873047,17.733333587646484,17.805999755859375,17.805999755859375,57576000
2015-06-29,2015-06-29,17.463333129882812,17.729999542236328,17.3799991607666,17.468000411987305,17.468000411987305,52183500
2015-06-30,2015-06-30,17.65333366394043,18.06133270263672,17.600000381469727,17.884000778198242,17.884000778198242,46303500
2015-07-01,2015-07-01,18.073999404907227,18.17466735839844,17.856666564941406,17.94333267211914,17.94333267211914,31518000
2015-07-02,2015-07-02,18.68000030517578,18.82999992370605,18.220666885375977,18.667999267578125,18.667999267578125,107458500
2015-07-06,2015-07-06,18.59199905395508,18.779333114624023,18.420000076293945,18.64800071716309,18.64800071716309,61828500
2015-07-07,2015-07-07,18.333332061767575,18.34666633605957,17.384666442871094,17.858667373657227,17.858667373657227,91576500
2015-07-08,2015-07-08,17.288000106811523,17.386667251586914,16.95400047302246,16.997333526611328,16.997333526611328,93316500
2015-07-09,2015-07-09,17.27199935913086,17.530000686645508,17.119333267211914,17.19466781616211,17.19466781616211,50011500
2015-07-10,2015-07-10,17.481332778930664,17.53333282470703,17.187999725341797,17.27666664123535,17.27666664123535,39163500
2015-07-13,2015-07-13,17.483333587646484,17.503332138061523,17.06999969482422,17.477333068847656,17.477333068847656,44404500
2015-07-14,2015-07-14,17.47333335876465,17.732667922973633,17.367332458496094,17.709999084472656,17.709999084472656,28614000
2015-07-15,2015-07-15,17.78266716003418,17.832666397094727,17.472000122070312,17.542667388916016,17.542667388916016,30324000
2015-07-16,2015-07-16,17.614667892456055,17.81333351135254,17.54400062561035,17.778667449951172,17.778667449951172,24240000
2015-07-17,2015-07-17,18.166667938232425,18.369333267211918,17.883333206176758,18.310667037963867,18.310667037963867,75061500
2015-07-20,2015-07-20,18.333332061767575,19.11000061035156,18.16933250427246,18.817333221435547,18.817333221435547,74677500
2015-07-21,2015-07-21,18.003332138061523,18.233333587646484,17.770000457763672,17.784666061401367,17.784666061401367,91630500
2015-07-22,2015-07-22,17.417999267578125,17.96266746520996,17.390666961669922,17.857999801635742,17.857999801635742,46575000
2015-07-23,2015-07-23,17.976667404174805,17.99333381652832,17.684667587280273,17.81333351135254,17.81333351135254,33408000
2015-07-24,2015-07-24,17.825332641601562,18.07266616821289,17.594667434692383,17.694000244140625,17.694000244140625,42547500
2015-07-27,2015-07-27,17.495332717895508,17.6286678314209,16.71933364868164,16.867332458496094,16.867332458496094,70413000
2015-07-28,2015-07-28,17.049999237060547,17.69333267211914,16.78933334350586,17.654666900634766,17.654666900634766,58437000
2015-07-29,2015-07-29,17.618000030517578,17.859333038330078,17.46666717529297,17.58799934387207,17.58799934387207,41851500
2015-07-30,2015-07-30,17.512666702270508,17.79599952697754,17.474000930786133,17.785999298095703,17.785999298095703,30519000
2015-07-31,2015-07-31,17.84000015258789,17.957332611083984,17.674667358398438,17.74333381652832,17.74333381652832,33339000
2015-08-03,2015-08-03,17.752666473388672,17.78066635131836,17.13800048828125,17.332666397094727,17.332666397094727,38302500
2015-08-04,2015-08-04,17.333999633789062,17.781333923339844,17.222667694091797,17.75200080871582,17.75200080871582,35287500
2015-08-05,2015-08-05,17.57200050354004,18.06666755676269,17.360000610351562,18.0086669921875,18.0086669921875,93214500
2015-08-06,2015-08-06,16.63599967956543,17.0,15.7413330078125,16.408666610717773,16.408666610717773,219357000
2015-08-07,2015-08-07,16.238666534423828,16.248666763305664,15.892666816711426,16.167333602905273,16.167333602905273,76101000
2015-08-10,2015-08-10,15.876667022705078,16.197999954223633,15.736666679382324,16.076000213623047,16.076000213623047,62788500
2015-08-11,2015-08-11,15.8100004196167,15.953332901000977,15.629332542419434,15.824666976928713,15.824666976928713,63973500
2015-08-12,2015-08-12,15.666666984558104,15.98466682434082,15.515999794006348,15.878000259399414,15.878000259399414,55920000
2015-08-13,2015-08-13,15.990667343139648,16.43199920654297,15.941332817077637,16.167333602905273,16.167333602905273,70338000
2015-08-14,2015-08-14,16.482667922973633,16.528667449951172,16.118000030517578,16.209999084472656,16.209999084472656,65472000
2015-08-17,2015-08-17,17.03733253479004,17.106000900268555,16.700666427612305,16.999332427978516,16.999332427978516,107650500
2015-08-18,2015-08-18,17.025333404541016,17.39666748046875,16.90399932861328,17.381332397460938,17.381332397460938,62925000
2015-08-19,2015-08-19,17.35533332824707,17.376667022705078,17.001333236694336,17.016666412353516,17.016666412353516,54064500
2015-08-20,2015-08-20,16.804000854492188,16.970666885375977,16.126667022705078,16.14533233642578,16.14533233642578,73587000
2015-08-21,2015-08-21,15.733332633972168,16.253332138061523,15.36733341217041,15.38466739654541,15.38466739654541,98853000
2015-08-24,2015-08-24,13.519332885742188,15.42666721343994,13.0,14.591333389282228,14.591333389282228,143724000
2015-08-25,2015-08-25,15.368000030517578,15.393333435058594,14.607999801635742,14.66866683959961,14.66866683959961,64909500
2015-08-26,2015-08-26,15.195332527160645,15.199999809265137,14.36733341217041,14.989333152770996,14.989333152770996,74445000
2015-08-27,2015-08-27,15.399999618530272,16.316667556762695,15.387332916259766,16.19933319091797,16.19933319091797,114840000
2015-08-28,2015-08-28,16.124000549316406,16.76333236694336,16.10466766357422,16.565332412719727,16.565332412719727,82705500
2015-08-31,2015-08-31,16.374666213989258,16.996667861938477,16.367332458496094,16.604000091552734,16.604000091552734,70503000
2015-09-01,2015-09-01,16.022666931152344,16.399999618530273,15.79800033569336,15.908666610717772,15.908666610717772,81822000
2015-09-02,2015-09-02,16.35333251953125,16.525333404541016,15.985333442687988,16.512666702270508,16.512666702270508,69438000
2015-09-03,2015-09-03,16.804000854492188,16.80533218383789,16.333332061767578,16.3713321685791,16.3713321685791,62922000
2015-09-04,2015-09-04,16.05933380126953,16.272666931152344,15.880000114440918,16.1286678314209,16.1286678314209,55338000
2015-09-08,2015-09-08,16.336666107177734,16.610666275024414,16.270000457763672,16.544666290283203,16.544666290283203,47073000
2015-09-09,2015-09-09,16.803333282470703,16.950000762939453,16.553333282470703,16.5939998626709,16.5939998626709,50862000
2015-09-10,2015-09-10,16.48200035095215,16.71466636657715,16.35533332824707,16.565332412719727,16.565332412719727,40635000
2015-09-11,2015-09-11,16.50933265686035,16.682666778564453,16.315332412719727,16.682666778564453,16.682666778564453,35262000
2015-09-14,2015-09-14,16.739999771118164,16.950000762939453,16.64466667175293,16.87933349609375,16.87933349609375,43363500
2015-09-15,2015-09-15,16.850000381469727,16.97333335876465,16.633333206176758,16.904666900634766,16.904666900634766,44002500
2015-09-16,2015-09-16,16.869333267211914,17.525333404541016,16.858667373657227,17.483333587646484,17.483333587646484,66256500
2015-09-17,2015-09-17,17.597333908081055,17.700000762939453,17.37933349609375,17.471332550048828,17.471332550048828,53787000
2015-09-18,2015-09-18,17.19733238220215,17.58799934387207,17.166667938232422,17.374666213989258,17.374666213989258,56446500
2015-09-21,2015-09-21,17.59866714477539,18.10466766357422,17.053333282470703,17.613332748413086,17.613332748413086,91803000
2015-09-22,2015-09-22,17.268667221069336,17.510000228881836,17.058000564575195,17.395999908447266,17.395999908447266,54966000
2015-09-23,2015-09-23,17.463333129882812,17.472000122070312,17.172000885009766,17.40399932861328,17.40399932861328,39012000
2015-09-24,2015-09-24,17.302000045776367,17.56333351135254,17.08066749572754,17.541332244873047,17.541332244873047,51723000
2015-09-25,2015-09-25,17.77400016784668,17.79400062561035,17.07666778564453,17.12733268737793,17.12733268737793,56601000
2015-09-28,2015-09-28,17.156667709350586,17.319332122802734,16.44066619873047,16.562000274658203,16.562000274658203,73516500
2015-09-29,2015-09-29,16.69733238220215,16.98200035095215,16.36400032043457,16.44333267211914,16.44333267211914,55548000
2015-09-30,2015-09-30,16.799999237060547,16.82666778564453,16.1560001373291,16.559999465942383,16.559999465942383,73944000
2015-10-01,2015-10-01,16.500667572021484,16.566667556762695,15.808667182922363,15.991999626159668,15.991999626159668,68595000
2015-10-02,2015-10-02,15.706666946411133,16.51333236694336,15.661999702453612,16.504667282104492,16.504667282104492,66360000
2015-10-05,2015-10-05,16.589332580566406,16.6560001373291,16.275333404541016,16.40999984741211,16.40999984741211,55348500
2015-10-06,2015-10-06,16.0,16.20199966430664,15.70533275604248,16.097333908081055,16.097333908081055,78378000
2015-10-07,2015-10-07,15.775333404541016,15.846667289733888,15.274666786193848,15.46399974822998,15.46399974822998,102210000
2015-10-08,2015-10-08,15.338666915893556,15.381333351135254,14.753999710083008,15.114666938781738,15.114666938781738,91998000
2015-10-09,2015-10-09,14.728667259216309,14.958000183105469,14.557332992553713,14.71266746520996,14.71266746520996,92376000
2015-10-12,2015-10-12,14.866000175476074,14.866666793823242,14.351332664489746,14.371999740600586,14.371999740600586,57544500
2015-10-13,2015-10-13,14.218667030334473,14.834667205810549,14.075332641601562,14.616666793823242,14.616666793823242,77572500
2015-10-14,2015-10-14,14.711333274841309,14.729999542236328,14.362000465393066,14.458666801452637,14.458666801452637,46566000
2015-10-15,2015-10-15,14.428667068481444,14.781999588012695,14.24666690826416,14.753999710083008,14.753999710083008,42663000
2015-10-16,2015-10-16,14.869333267211914,15.36533260345459,14.857999801635742,15.133999824523926,15.133999824523926,65017500
2015-10-19,2015-10-19,15.100000381469728,15.40999984741211,14.996000289916992,15.206666946411133,15.206666946411133,37618500
2015-10-20,2015-10-20,15.1813325881958,15.239999771118164,13.466667175292969,14.20199966430664,14.20199966430664,223500000
2015-10-21,2015-10-21,14.13266658782959,14.320667266845703,13.920000076293944,14.005999565124512,14.005999565124512,62272500
2015-10-22,2015-10-22,14.104000091552734,14.383333206176758,13.960000038146973,14.114666938781738,14.114666938781738,42378000
2015-10-23,2015-10-23,14.333333015441896,14.356666564941406,13.845999717712402,13.939332962036133,13.939332962036133,63532500
2015-10-26,2015-10-26,14.092000007629396,14.392000198364258,14.0,14.350666999816896,14.350666999816896,50871000
2015-10-27,2015-10-27,14.322667121887209,14.473333358764648,13.833999633789062,14.023332595825195,14.023332595825195,52791000
2015-10-28,2015-10-28,14.087332725524902,14.229999542236328,13.886667251586914,14.197333335876465,14.197333335876465,40929000
2015-10-29,2015-10-29,14.116666793823242,14.25,14.042667388916016,14.108667373657228,14.108667373657228,27075000
2015-10-30,2015-10-30,14.026666641235352,14.108667373657228,13.592666625976562,13.795332908630373,13.795332908630373,66583500
2015-11-02,2015-11-02,13.928000450134276,14.386667251586914,13.814666748046877,14.252667427062988,14.252667427062988,58918500
2015-11-03,2015-11-03,14.256667137145996,14.29599952697754,13.850000381469728,13.890000343322754,13.890000343322754,124987500
2015-11-04,2015-11-04,15.133333206176758,15.515999794006348,15.013333320617676,15.44200038909912,15.44200038909912,190896000
2015-11-05,2015-11-05,15.371999740600586,15.638667106628418,15.279333114624023,15.451333045959473,15.451333045959473,67452000
2015-11-06,2015-11-06,15.380000114440918,15.557332992553713,15.300000190734863,15.490667343139648,15.490667343139648,36679500
2015-11-09,2015-11-09,15.53266716003418,15.53266716003418,14.95400047302246,15.022000312805176,15.022000312805176,57763500
2015-11-10,2015-11-10,14.898667335510254,14.91333293914795,14.405332565307615,14.43333339691162,14.43333339691162,69255000
2015-11-11,2015-11-11,14.517999649047852,14.631999969482422,14.241999626159668,14.60533332824707,14.60533332824707,50217000
2015-11-12,2015-11-12,14.523332595825195,14.600000381469728,14.177332878112791,14.196000099182127,14.196000099182127,43738500
2015-11-13,2015-11-13,14.196666717529297,14.199333190917969,13.767999649047852,13.812666893005373,13.812666893005373,51454500
2015-11-16,2015-11-16,13.739333152770996,14.33199977874756,13.720000267028809,14.28733253479004,14.28733253479004,43881000
2015-11-17,2015-11-17,14.346667289733888,14.399999618530272,14.09333324432373,14.266667366027832,14.266667366027832,32230500
2015-11-18,2015-11-18,14.300000190734863,14.7586669921875,14.16800022125244,14.73799991607666,14.73799991607666,42178500
2015-11-19,2015-11-19,14.702667236328123,15.079333305358888,14.686667442321776,14.786666870117188,14.786666870117188,37566000
2015-11-20,2015-11-20,14.899333000183104,15.0,14.238666534423828,14.667332649230955,14.667332649230955,66010500
2015-11-23,2015-11-23,14.489999771118164,14.612000465393066,14.312000274658203,14.516667366027832,14.516667366027832,37893000
2015-11-24,2015-11-24,14.357999801635742,14.733332633972168,14.333333015441896,14.550000190734863,14.550000190734863,37204500
2015-11-25,2015-11-25,14.755999565124512,15.388667106628418,14.69200038909912,15.309332847595217,15.309332847595217,59862000
2015-11-27,2015-11-27,15.404000282287598,15.483332633972168,15.133999824523926,15.440667152404783,15.440667152404783,29241000
2015-11-30,2015-11-30,15.452667236328123,15.618666648864746,15.272000312805176,15.350666999816896,15.350666999816896,39897000
2015-12-01,2015-12-01,15.404000282287598,15.866666793823242,15.403332710266112,15.812666893005373,15.812666893005373,56010000
2015-12-02,2015-12-02,15.800000190734863,15.90666675567627,15.415332794189451,15.465999603271484,15.465999603271484,44722500
2015-12-03,2015-12-03,15.6986665725708,15.829999923706056,15.333333015441896,15.513999938964844,15.513999938964844,44094000
2015-12-04,2015-12-04,15.497332572937012,15.5513334274292,15.177332878112791,15.358667373657228,15.358667373657228,38604000
2015-12-07,2015-12-07,15.18000030517578,15.708666801452637,15.076666831970217,15.408666610717772,15.408666610717772,47163000
2015-12-08,2015-12-08,15.16800022125244,15.25333309173584,14.946666717529297,15.114666938781738,15.114666938781738,40314000
2015-12-09,2015-12-09,15.113332748413086,15.166666984558104,14.714667320251465,14.968000411987305,14.968000411987305,45867000
2015-12-10,2015-12-10,14.980667114257812,15.232666969299316,14.90933322906494,15.137999534606934,15.137999534606934,31075500
2015-12-11,2015-12-11,15.015999794006348,15.050000190734863,14.442667007446287,14.468000411987305,14.468000411987305,49030500
2015-12-14,2015-12-14,14.500666618347168,14.727999687194824,14.324666976928713,14.571999549865724,14.571999549865724,42406500
2015-12-15,2015-12-15,14.788000106811523,14.814666748046877,14.533332824707031,14.739333152770996,14.739333152770996,33666000
2015-12-16,2015-12-16,14.80666732788086,15.658666610717772,14.715332984924316,15.633999824523926,15.633999824523926,76564500
2015-12-17,2015-12-17,15.595999717712402,15.850666999816896,15.320667266845703,15.559332847595217,15.559332847595217,49479000
2015-12-18,2015-12-18,15.526000022888184,15.726667404174805,15.28600025177002,15.36400032043457,15.36400032043457,45213000
2015-12-21,2015-12-21,15.446000099182127,15.722000122070312,15.405332565307615,15.503999710083008,15.503999710083008,29298000
2015-12-22,2015-12-22,15.666000366210938,15.770000457763672,15.308667182922363,15.329999923706056,15.329999923706056,29422500
2015-12-23,2015-12-23,15.478667259216309,15.563332557678224,15.208666801452637,15.313332557678224,15.313332557678224,23325000
2015-12-24,2015-12-24,15.370667457580566,15.458666801452637,15.218667030334473,15.371333122253418,15.371333122253418,10620000
2015-12-28,2015-12-28,15.432666778564451,15.465332984924316,15.03600025177002,15.263333320617676,15.263333320617676,28519500
2015-12-29,2015-12-29,15.337332725524902,15.847999572753906,15.303333282470703,15.812666893005373,15.812666893005373,36094500
2015-12-30,2015-12-30,15.773332595825195,16.242000579833984,15.711333274841309,15.87266731262207,15.87266731262207,55468500
2015-12-31,2015-12-31,15.900667190551758,16.229999542236328,15.891332626342772,16.000667572021484,16.000667572021484,40725000
2016-01-04,2016-01-04,15.381333351135254,15.425333023071287,14.600000381469728,14.894000053405762,14.894000053405762,102406500
2016-01-05,2016-01-05,15.09066677093506,15.12600040435791,14.666666984558104,14.895333290100098,14.895333290100098,47802000
2016-01-06,2016-01-06,14.666666984558104,14.670000076293944,14.398667335510254,14.602666854858398,14.602666854858398,56686500
2016-01-07,2016-01-07,14.279333114624023,14.562666893005373,14.244667053222656,14.376667022705078,14.376667022705078,53314500
2016-01-08,2016-01-08,14.52400016784668,14.696000099182127,14.0513334274292,14.06666660308838,14.06666660308838,54421500
2016-01-11,2016-01-11,14.267333030700684,14.296667098999023,13.533332824707031,13.856666564941406,13.856666564941406,61371000
2016-01-12,2016-01-12,14.106666564941406,14.249333381652832,13.687333106994627,13.998000144958496,13.998000144958496,46378500
2016-01-13,2016-01-13,14.133999824523926,14.17666721343994,13.333333015441896,13.354000091552734,13.354000091552734,61896000
2016-01-14,2016-01-14,13.480667114257812,14.0,12.892000198364258,13.745332717895508,13.745332717895508,97360500
2016-01-15,2016-01-15,13.264666557312012,13.67133331298828,13.149999618530272,13.666000366210938,13.666000366210938,83679000
2016-01-19,2016-01-19,13.913999557495115,14.031332969665527,13.385333061218262,13.64799976348877,13.64799976348877,60580500
2016-01-20,2016-01-20,13.293333053588867,13.41866683959961,12.75,13.24666690826416,13.24666690826416,87579000
2016-01-21,2016-01-21,13.436667442321776,13.548666954040527,13.001333236694336,13.33133316040039,13.33133316040039,47493000
2016-01-22,2016-01-22,13.653332710266112,13.699999809265137,13.268667221069336,13.50333309173584,13.50333309173584,46861500
2016-01-25,2016-01-25,13.337332725524902,13.571332931518556,13.058667182922363,13.092000007629396,13.092000007629396,40480500
2016-01-26,2016-01-26,13.113332748413086,13.187999725341797,12.592000007629396,12.904000282287598,12.904000282287598,74463000
2016-01-27,2016-01-27,12.825332641601562,12.883999824523926,12.38466739654541,12.538000106811523,12.538000106811523,54258000
2016-01-28,2016-01-28,12.719332695007324,12.751999855041504,12.160667419433594,12.646666526794434,12.646666526794434,68892000
2016-01-29,2016-01-29,12.66333293914795,12.916000366210938,12.538666725158691,12.74666690826416,12.74666690826416,42784500
2016-02-01,2016-02-01,12.583999633789062,13.3013334274292,12.18333339691162,13.129332542419434,13.129332542419434,79464000
2016-02-02,2016-02-02,12.82800006866455,12.874667167663574,12.01533317565918,12.185333251953123,12.185333251953123,86604000
2016-02-03,2016-02-03,12.239333152770996,12.262666702270508,11.345333099365234,11.565333366394045,11.565333366394045,118971000
2016-02-04,2016-02-04,11.380000114440918,11.732000350952148,11.13266658782959,11.68866729736328,11.68866729736328,65781000
2016-02-05,2016-02-05,11.420000076293944,11.533332824707031,10.515999794006348,10.84000015258789,10.84000015258789,141564000
2016-02-08,2016-02-08,10.473333358764648,10.476667404174805,9.733332633972168,9.866000175476074,9.866000175476074,139695000
2016-02-09,2016-02-09,9.48799991607666,10.652667045593262,9.403332710266112,9.883333206176758,9.883333206176758,129774000
2016-02-10,2016-02-10,10.033332824707031,10.33133316040039,9.449333190917969,9.57800006866455,9.57800006866455,156097500
2016-02-11,2016-02-11,10.133333206176758,10.883999824523926,9.800000190734863,10.031332969665527,10.031332969665527,213786000
2016-02-12,2016-02-12,10.333333015441896,10.46733283996582,9.579999923706056,10.06933307647705,10.06933307647705,108537000
2016-02-16,2016-02-16,10.579999923706056,10.863332748413086,10.27400016784668,10.344667434692385,10.344667434692385,83907000
2016-02-17,2016-02-17,10.600000381469728,11.28933334350586,10.445332527160645,11.245332717895508,11.245332717895508,87378000
2016-02-18,2016-02-18,11.494667053222656,11.529999732971191,10.98466682434082,11.118000030517578,11.118000030517578,58314000
2016-02-19,2016-02-19,10.910667419433594,11.166000366210938,10.833333015441896,11.10533332824707,11.10533332824707,44391000
2016-02-22,2016-02-22,11.341333389282228,11.927332878112791,11.32333278656006,11.849332809448242,11.849332809448242,75901500
2016-02-23,2016-02-23,11.744000434875488,12.11533260345459,11.57866668701172,11.814000129699709,11.814000129699709,89766000
2016-02-24,2016-02-24,11.516667366027832,11.966667175292969,11.189332962036133,11.93333339691162,11.93333339691162,80934000
2016-02-25,2016-02-25,11.90999984741211,12.567999839782717,11.68000030517578,12.495332717895508,12.495332717895508,86260500
2016-02-26,2016-02-26,12.579999923706056,12.800000190734863,12.333333015441896,12.689332962036133,12.689332962036133,90976500
2016-02-29,2016-02-29,12.826666831970217,13.09000015258789,12.614666938781738,12.795332908630373,12.795332908630373,67485000
2016-03-01,2016-03-01,12.949999809265137,13.063332557678224,12.18000030517578,12.423333168029783,12.423333168029783,100683000
2016-03-02,2016-03-02,12.248666763305664,12.567999839782717,12.100000381469728,12.555999755859377,12.555999755859377,72936000
2016-03-03,2016-03-03,12.552000045776367,13.161333084106444,12.281332969665527,13.04933261871338,13.04933261871338,72435000
2016-03-04,2016-03-04,13.199999809265137,13.60200023651123,13.166666984558104,13.402667045593262,13.402667045593262,97336500
2016-03-07,2016-03-07,13.178667068481444,13.979999542236328,13.15999984741211,13.685999870300291,13.685999870300291,79941000
2016-03-08,2016-03-08,13.56666660308838,13.833333015441896,13.479999542236328,13.506667137145996,13.506667137145996,62680500
2016-03-09,2016-03-09,13.63466739654541,13.958000183105469,13.519332885742188,13.914667129516602,13.914667129516602,48129000
2016-03-10,2016-03-10,14.0,14.219332695007324,13.378000259399414,13.678667068481444,13.678667068481444,77887500
2016-03-11,2016-03-11,13.862000465393066,13.961333274841309,13.68866729736328,13.833333015441896,13.833333015441896,50146500
2016-03-14,2016-03-14,14.17666721343994,14.447999954223633,14.042667388916016,14.34333324432373,14.34333324432373,60985500
2016-03-15,2016-03-15,14.284667015075684,14.597999572753906,14.100000381469728,14.555999755859377,14.555999755859377,47707500
2016-03-16,2016-03-16,14.533332824707031,14.838666915893556,14.468000411987305,14.795332908630373,14.795332908630373,52750500
2016-03-17,2016-03-17,14.764666557312012,15.233332633972168,14.666666984558104,15.092000007629396,15.092000007629396,56743500
2016-03-18,2016-03-18,15.273332595825195,15.631999969482422,15.20400047302246,15.515999794006348,15.515999794006348,70677000
2016-03-21,2016-03-21,15.689332962036133,15.991999626159668,15.666666984558104,15.887999534606934,15.887999534606934,79617000
2016-03-22,2016-03-22,15.814000129699709,15.932666778564451,15.503999710083008,15.616000175476074,15.616000175476074,64740000
2016-03-23,2016-03-23,15.4913330078125,15.648667335510254,14.802000045776367,14.838666915893556,14.838666915893556,74232000
2016-03-24,2016-03-24,14.385333061218262,15.259332656860352,14.333333015441896,15.18333339691162,15.18333339691162,74413500
2016-03-28,2016-03-28,15.440667152404783,15.654000282287598,15.0,15.350666999816896,15.350666999816896,58885500
2016-03-29,2016-03-29,15.326000213623049,15.491999626159668,15.022000312805176,15.342000007629396,15.342000007629396,60214500
2016-03-30,2016-03-30,15.672666549682615,15.699999809265137,15.100000381469728,15.12600040435791,15.12600040435791,60495000
2016-03-31,2016-03-31,15.28933334350586,15.82800006866455,15.000666618347168,15.317999839782717,15.317999839782717,120193500
2016-04-01,2016-04-01,16.32200050354004,16.52666664123535,15.550000190734863,15.839332580566406,15.839332580566406,239962500
2016-04-04,2016-04-04,16.607999801635742,16.808000564575195,16.242666244506836,16.465999603271484,16.465999603271484,202129500
2016-04-05,2016-04-05,16.03333282470703,17.104000091552734,16.0,17.031333923339844,17.031333923339844,149230500
2016-04-06,2016-04-06,16.931333541870117,17.849332809448242,16.89666748046875,17.69466781616211,17.69466781616211,175582500
2016-04-07,2016-04-07,17.76333236694336,17.95599937438965,16.96733283996582,17.14666748046875,17.14666748046875,132843000
2016-04-08,2016-04-08,17.366666793823242,17.38800048828125,16.534666061401367,16.67133331298828,16.67133331298828,110458500
2016-04-11,2016-04-11,16.733333587646484,17.266000747680664,16.35333251953125,16.661333084106445,16.661333084106445,137425500
2016-04-12,2016-04-12,16.633333206176758,16.786666870117188,16.242000579833984,16.521333694458008,16.521333694458008,86448000
2016-04-13,2016-04-13,16.567333221435547,17.03333282470703,16.488666534423828,16.968666076660156,16.968666076660156,73884000
2016-04-14,2016-04-14,16.866666793823242,17.12266731262207,16.73666763305664,16.790666580200195,16.790666580200195,61983000
2016-04-15,2016-04-15,16.753999710083008,16.97333335876465,16.607999801635742,16.96733283996582,16.96733283996582,56286000
2016-04-18,2016-04-18,16.815332412719727,17.220666885375977,16.777332305908203,16.92533302307129,16.92533302307129,64071000
2016-04-19,2016-04-19,16.874666213989258,16.95800018310547,16.083332061767578,16.4913330078125,16.4913330078125,95362500
2016-04-20,2016-04-20,16.417333602905273,16.910667419433594,16.100000381469727,16.6646671295166,16.6646671295166,77911500
2016-04-21,2016-04-21,16.599332809448242,16.726667404174805,16.46066665649414,16.55266761779785,16.55266761779785,41746500
2016-04-22,2016-04-22,16.592666625976562,16.933332443237305,16.380666732788086,16.916667938232422,16.916667938232422,56794500
2016-04-25,2016-04-25,16.867332458496094,17.158666610717773,16.71733283996582,16.788000106811523,16.788000106811523,55054500
2016-04-26,2016-04-26,16.803333282470703,17.048667907714844,16.625999450683594,16.916000366210938,16.916000366210938,48357000
2016-04-27,2016-04-27,16.850000381469727,17.0,16.626667022705078,16.764667510986328,16.764667510986328,48087000
2016-04-28,2016-04-28,16.656667709350586,16.89533233642578,16.496000289916992,16.513999938964844,16.513999938964844,37785000
2016-04-29,2016-04-29,16.542667388916016,16.562000274658203,15.854000091552734,16.05066680908203,16.05066680908203,81207000
2016-05-02,2016-05-02,16.100000381469727,16.21266746520996,15.654666900634766,16.1200008392334,16.1200008392334,57658500
2016-05-03,2016-05-03,15.824000358581545,15.927332878112791,15.441332817077637,15.48799991607666,15.48799991607666,64533000
2016-05-04,2016-05-04,15.352666854858398,15.630666732788086,14.69333267211914,14.837332725524902,14.837332725524902,130507500
2016-05-05,2016-05-05,15.230667114257812,15.242667198181152,13.986000061035156,14.10200023651123,14.10200023651123,168822000
2016-05-06,2016-05-06,14.05799961090088,14.424667358398438,13.87399959564209,14.32866668701172,14.32866668701172,85278000
2016-05-09,2016-05-09,14.381333351135254,14.40999984741211,13.786666870117188,13.928000450134276,13.928000450134276,71646000
2016-05-10,2016-05-10,13.83666706085205,13.964667320251465,13.666666984558104,13.912667274475098,13.912667274475098,61059000
2016-05-11,2016-05-11,13.839332580566406,14.36533260345459,13.736666679382324,13.93066692352295,13.93066692352295,77428500
2016-05-12,2016-05-12,14.095999717712402,14.111332893371582,13.577333450317385,13.8186674118042,13.8186674118042,54757500
2016-05-13,2016-05-13,13.85200023651123,14.079999923706056,13.779999732971191,13.84066677093506,13.84066677093506,42342000
2016-05-16,2016-05-16,13.876667022705078,14.210000038146973,13.861332893371582,13.88599967956543,13.88599967956543,44241000
2016-05-17,2016-05-17,13.936667442321776,13.98799991607666,13.601332664489746,13.644000053405762,13.644000053405762,42654000
2016-05-18,2016-05-18,13.94333267211914,14.354000091552734,13.850000381469728,14.07800006866455,14.07800006866455,84262500
2016-05-19,2016-05-19,14.2413330078125,14.452667236328123,13.81999969482422,14.347332954406738,14.347332954406738,102994500
2016-05-20,2016-05-20,14.465999603271484,14.703332901000977,14.423333168029783,14.685333251953123,14.685333251953123,135106500
2016-05-23,2016-05-23,14.657999992370604,14.84000015258789,14.390666961669922,14.414667129516602,14.414667129516602,76537500
2016-05-24,2016-05-24,14.4399995803833,14.582667350769045,14.345333099365234,14.52733325958252,14.52733325958252,45207000
2016-05-25,2016-05-25,14.52733325958252,14.757332801818848,14.434000015258787,14.638667106628418,14.638667106628418,46902000
2016-05-26,2016-05-26,14.699999809265137,15.017333030700684,14.603333473205566,15.008000373840332,15.008000373840332,61086000
2016-05-27,2016-05-27,14.999333381652832,15.062000274658203,14.716667175292969,14.869333267211914,14.869333267211914,54754500
2016-05-31,2016-05-31,14.869333267211914,14.983332633972168,14.766667366027832,14.881999969482422,14.881999969482422,41835000
2016-06-01,2016-06-01,14.76533317565918,14.826666831970217,14.459333419799805,14.637332916259766,14.637332916259766,44740500
2016-06-02,2016-06-02,14.63933277130127,14.660667419433594,14.473999977111816,14.597332954406738,14.597332954406738,30492000
2016-06-03,2016-06-03,14.666666984558104,14.79599952697754,14.534000396728516,14.599332809448242,14.599332809448242,33435000
2016-06-06,2016-06-06,14.533332824707031,14.726667404174805,14.363332748413086,14.711999893188477,14.711999893188477,33742500
2016-06-07,2016-06-07,14.815999984741213,15.629332542419434,14.767999649047852,15.489333152770996,15.489333152770996,93204000
2016-06-08,2016-06-08,15.58666706085205,16.05666732788086,15.507332801818848,15.701333045959473,15.701333045959473,89580000
2016-06-09,2016-06-09,15.665332794189451,15.68866729736328,15.137332916259766,15.290666580200195,15.290666580200195,67381500
2016-06-10,2016-06-10,15.15933322906494,15.197999954223633,14.56133270263672,14.586000442504885,14.586000442504885,90399000
2016-06-13,2016-06-13,14.633333206176758,15.0513334274292,14.510666847229004,14.524666786193848,14.524666786193848,62895000
2016-06-14,2016-06-14,14.592000007629396,14.813332557678224,14.16866683959961,14.330666542053224,14.330666542053224,53703000
2016-06-15,2016-06-15,14.463333129882812,14.793333053588867,14.342000007629396,14.513333320617676,14.513333320617676,43627500
2016-06-16,2016-06-16,14.494667053222656,14.53600025177002,14.233332633972168,14.528667449951172,14.528667449951172,36604500
2016-06-17,2016-06-17,14.52066707611084,14.666000366210938,14.300000190734863,14.364666938781738,14.364666938781738,46689000
2016-06-20,2016-06-20,14.633333206176758,14.916666984558104,14.548666954040527,14.646666526794434,14.646666526794434,53332500
2016-06-21,2016-06-21,14.711999893188477,14.838000297546388,14.587332725524902,14.640666961669922,14.640666961669922,67935000
2016-06-22,2016-06-22,13.29800033569336,13.729999542236328,13.050000190734863,13.11066722869873,13.11066722869873,356136000
2016-06-23,2016-06-23,13.04599952697754,13.170000076293944,12.808667182922363,13.09333324432373,13.09333324432373,151960500
2016-06-24,2016-06-24,12.670000076293944,13.008000373840332,12.648667335510254,12.876667022705078,12.876667022705078,105397500
2016-06-27,2016-06-27,12.723999977111816,13.253999710083008,12.524666786193848,13.236666679382324,13.236666679382324,108081000
2016-06-28,2016-06-28,13.459333419799805,13.603333473205566,13.293999671936035,13.452667236328123,13.452667236328123,93186000
2016-06-29,2016-06-29,13.675333023071287,14.118666648864746,13.533332824707031,14.012666702270508,14.012666702270508,89923500
2016-06-30,2016-06-30,14.197999954223633,14.233332633972168,13.934666633605955,14.152000427246094,14.152000427246094,72646500
2016-07-01,2016-07-01,13.742667198181152,14.54933261871338,13.733332633972168,14.43333339691162,14.43333339691162,81000000
2016-07-05,2016-07-05,13.982000350952148,14.302666664123535,13.866666793823242,14.26533317565918,14.26533317565918,77629500
2016-07-06,2016-07-06,14.0,14.34866714477539,13.93333339691162,14.29599952697754,14.29599952697754,73798500
2016-07-07,2016-07-07,14.206666946411133,14.541333198547363,14.20066738128662,14.395999908447266,14.395999908447266,54180000
2016-07-08,2016-07-08,14.520000457763672,14.654000282287598,14.300000190734863,14.45199966430664,14.45199966430664,61122000
2016-07-11,2016-07-11,14.663999557495115,15.118666648864746,14.633999824523926,14.985333442687988,14.985333442687988,81447000
2016-07-12,2016-07-12,14.9399995803833,15.166666984558104,14.881333351135254,14.976667404174805,14.976667404174805,68569500
2016-07-13,2016-07-13,15.033332824707031,15.03933334350586,14.685999870300291,14.835332870483398,14.835332870483398,53506500
2016-07-14,2016-07-14,14.874667167663574,14.996000289916992,14.736666679382324,14.768667221069336,14.768667221069336,40137000
2016-07-15,2016-07-15,14.834667205810549,14.850000381469728,14.642666816711426,14.69333267211914,14.69333267211914,33513000
2016-07-18,2016-07-18,14.642666816711426,15.13933277130127,14.553333282470703,15.083333015441896,15.083333015441896,51181500
2016-07-19,2016-07-19,15.0,15.273332595825195,14.983332633972168,15.017333030700684,15.017333030700684,46726500
2016-07-20,2016-07-20,15.097999572753906,15.31999969482422,15.0,15.223999977111816,15.223999977111816,38527500
2016-07-21,2016-07-21,15.06666660308838,15.1899995803833,14.606666564941406,14.699999809265137,14.699999809265137,66430500
2016-07-22,2016-07-22,14.79933261871338,14.966667175292969,14.592000007629396,14.817999839782717,14.817999839782717,38695500
2016-07-25,2016-07-25,14.817999839782717,15.425999641418455,14.758000373840332,15.333999633789062,15.333999633789062,67360500
2016-07-26,2016-07-26,15.179332733154297,15.333333015441896,15.020000457763672,15.300666809082031,15.300666809082031,51450000
2016-07-27,2016-07-27,15.28933334350586,15.557332992553713,15.128000259399414,15.232666969299316,15.232666969299316,43335000
2016-07-28,2016-07-28,15.196666717529297,15.383999824523926,15.106666564941406,15.37399959564209,15.37399959564209,36286500
2016-07-29,2016-07-29,15.380000114440918,15.685333251953123,15.349332809448242,15.652667045593262,15.652667045593262,46062000
2016-08-01,2016-08-01,15.699999809265137,15.775333404541016,15.291999816894531,15.333999633789062,15.333999633789062,60244500
2016-08-02,2016-08-02,15.291333198547363,15.324666976928713,14.760000228881836,15.146666526794434,15.146666526794434,59016000
2016-08-03,2016-08-03,15.157999992370604,15.313332557678224,14.947333335876465,15.052666664123535,15.052666664123535,58317000
2016-08-04,2016-08-04,15.04599952697754,15.390666961669922,14.803333282470703,15.37399959564209,15.37399959564209,62205000
2016-08-05,2016-08-05,15.333333015441896,15.466667175292969,15.15999984741211,15.335332870483398,15.335332870483398,48078000
2016-08-08,2016-08-08,15.199999809265137,15.30666732788086,15.072667121887209,15.077333450317385,15.077333450317385,33954000
2016-08-09,2016-08-09,15.121333122253418,15.435999870300291,15.109999656677246,15.272000312805176,15.272000312805176,33117000
2016-08-10,2016-08-10,15.215999603271484,15.324666976928713,14.974666595458984,15.043333053588867,15.043333053588867,35074500
2016-08-11,2016-08-11,15.07800006866455,15.17133331298828,14.894000053405762,14.994000434875488,14.994000434875488,28213500
2016-08-12,2016-08-12,15.02733325958252,15.109999656677246,14.935999870300291,15.040666580200195,15.040666580200195,27202500
2016-08-15,2016-08-15,15.067999839782717,15.300000190734863,14.995332717895508,15.03933334350586,15.03933334350586,30514500
2016-08-16,2016-08-16,15.03266716003418,15.145999908447266,14.894000053405762,14.907333374023438,14.907333374023438,34006500
2016-08-17,2016-08-17,14.95533275604248,14.988666534423828,14.853333473205566,14.88266658782959,14.88266658782959,26806500
2016-08-18,2016-08-18,14.92133331298828,15.043999671936035,14.81933307647705,14.900667190551758,14.900667190551758,25717500
2016-08-19,2016-08-19,14.902667045593262,15.011333465576172,14.835332870483398,15.0,15.0,24892500
2016-08-22,2016-08-22,14.944666862487791,15.007332801818848,14.845333099365234,14.862000465393066,14.862000465393066,30982500
2016-08-23,2016-08-23,14.954667091369627,15.232666969299316,14.853333473205566,14.989333152770996,14.989333152770996,71766000
2016-08-24,2016-08-24,15.136667251586914,15.143333435058594,14.814666748046877,14.841333389282228,14.841333389282228,38560500
2016-08-25,2016-08-25,14.87399959564209,14.920000076293944,14.718000411987305,14.730667114257812,14.730667114257812,26437500
2016-08-26,2016-08-26,14.809332847595217,14.857333183288574,14.588000297546388,14.666000366210938,14.666000366210938,33585000
2016-08-29,2016-08-29,14.67666721343994,14.69333267211914,14.333333015441896,14.346667289733888,14.346667289733888,48994500
2016-08-30,2016-08-30,14.407333374023438,14.407333374023438,14.034667015075684,14.089332580566406,14.089332580566406,47533500
2016-08-31,2016-08-31,14.028667449951172,14.173333168029783,13.90999984741211,14.133999824523926,14.133999824523926,49147500
2016-09-01,2016-09-01,13.934000015258787,14.07333278656006,13.366666793823242,13.38466739654541,13.38466739654541,119146500
2016-09-02,2016-09-02,13.488666534423828,13.546667098999023,13.079999923706056,13.185333251953123,13.185333251953123,89661000
2016-09-06,2016-09-06,13.267999649047852,13.550000190734863,13.266667366027832,13.522000312805176,13.522000312805176,65859000
2016-09-07,2016-09-07,13.699999809265137,13.766667366027832,13.380666732788086,13.447333335876465,13.447333335876465,54613500
2016-09-08,2016-09-08,13.303333282470703,13.326000213623049,13.09066677093506,13.157333374023438,13.157333374023438,50668500
2016-09-09,2016-09-09,13.272666931152344,13.32800006866455,12.91333293914795,12.964667320251465,12.964667320251465,56355000
2016-09-12,2016-09-12,13.0,13.424667358398438,12.9399995803833,13.220000267028809,13.220000267028809,55728000
2016-09-13,2016-09-13,13.137332916259766,13.232666969299316,12.896666526794434,13.06999969482422,13.06999969482422,53841000
2016-09-14,2016-09-14,13.050000190734863,13.194666862487791,12.990667343139648,13.093999862670898,13.093999862670898,33817500
2016-09-15,2016-09-15,13.099332809448242,13.501333236694336,13.09333324432373,13.361332893371582,13.361332893371582,46158000
2016-09-16,2016-09-16,13.361332893371582,13.713333129882812,13.266667366027832,13.69333267211914,13.69333267211914,46617000
2016-09-19,2016-09-19,13.800000190734863,13.961999893188477,13.666666984558104,13.755999565124512,13.755999565124512,34492500
2016-09-20,2016-09-20,13.789999961853027,13.850000381469728,13.593999862670898,13.642666816711426,13.642666816711426,36157500
2016-09-21,2016-09-21,13.758000373840332,13.800000190734863,13.437333106994627,13.6813325881958,13.6813325881958,39502500
2016-09-22,2016-09-22,13.760000228881836,13.8186674118042,13.533332824707031,13.76200008392334,13.76200008392334,35743500
2016-09-23,2016-09-23,13.732666969299316,14.01200008392334,13.711333274841309,13.829999923706056,13.829999923706056,43578000
2016-09-26,2016-09-26,13.766667366027832,14.06666660308838,13.766667366027832,13.932666778564451,13.932666778564451,35916000
2016-09-27,2016-09-27,13.976667404174805,13.998666763305664,13.640666961669922,13.720666885375977,13.720666885375977,50598000
2016-09-28,2016-09-28,13.833999633789062,13.883333206176758,13.684000015258787,13.751333236694336,13.751333236694336,31326000
2016-09-29,2016-09-29,13.706666946411133,13.821999549865724,13.371999740600586,13.380000114440918,13.380000114440918,40905000
2016-09-30,2016-09-30,13.480667114257812,13.665332794189451,13.303333282470703,13.60200023651123,13.60200023651123,38794500
2016-10-03,2016-10-03,14.153332710266112,14.378000259399414,13.883333206176758,14.24666690826416,14.24666690826416,89998500
2016-10-04,2016-10-04,14.206666946411133,14.221332550048828,13.92133331298828,14.093999862670898,14.093999862670898,53122500
2016-10-05,2016-10-05,14.149333000183104,14.210000038146973,13.874667167663574,13.897333145141602,13.897333145141602,28162500
2016-10-06,2016-10-06,13.497332572937012,13.61400032043457,13.347332954406738,13.399999618530272,13.399999618530272,70551000
2016-10-07,2016-10-07,13.399999618530272,13.42133331298828,13.053333282470703,13.107333183288574,13.107333183288574,52395000
2016-10-10,2016-10-10,13.423333168029783,13.609333038330078,13.310667037963867,13.396666526794434,13.396666526794434,49744500
2016-10-11,2016-10-11,13.456666946411133,13.479999542236328,13.220666885375977,13.34000015258789,13.34000015258789,34926000
2016-10-12,2016-10-12,13.396666526794434,13.592000007629396,13.361332893371582,13.434000015258787,13.434000015258787,29560500
2016-10-13,2016-10-13,13.366666793823242,13.393333435058594,13.136667251586914,13.349332809448242,13.349332809448242,37419000
2016-10-14,2016-10-14,13.37733268737793,13.428667068481444,13.08666706085205,13.100666999816896,13.100666999816896,64048500
2016-10-17,2016-10-17,13.136667251586914,13.22599983215332,12.800000190734863,12.93066692352295,12.93066692352295,68311500
2016-10-18,2016-10-18,13.065999984741213,13.29800033569336,12.883999824523926,13.273332595825195,13.273332595825195,85207500
2016-10-19,2016-10-19,13.315999984741213,13.77733325958252,13.20400047302246,13.570667266845703,13.570667266845703,104868000
2016-10-20,2016-10-20,13.474666595458984,13.533332824707031,13.136667251586914,13.273332595825195,13.273332595825195,76093500
2016-10-21,2016-10-21,13.239999771118164,13.437999725341797,13.160667419433594,13.339332580566406,13.339332580566406,44151000
2016-10-24,2016-10-24,13.399999618530272,13.596667289733888,13.350000381469728,13.517333030700684,13.517333030700684,41274000
2016-10-25,2016-10-25,13.526666641235352,13.645999908447266,13.41333293914795,13.489333152770996,13.489333152770996,36675000
2016-10-26,2016-10-26,13.399999618530272,13.54599952697754,13.34000015258789,13.482666969299316,13.482666969299316,84492000
2016-10-27,2016-10-27,14.089332580566406,14.24666690826416,13.44333267211914,13.600666999816896,13.600666999816896,196405500
2016-10-28,2016-10-28,13.600000381469728,13.687999725341797,13.321999549865724,13.33133316040039,13.33133316040039,64201500
2016-10-31,2016-10-31,13.499333381652832,13.499333381652832,13.053999900817873,13.182000160217283,13.182000160217283,70384500
2016-11-01,2016-11-01,13.202667236328123,13.233332633972168,12.540666580200195,12.719332695007324,12.719332695007324,105900000
2016-11-02,2016-11-02,12.670000076293944,12.846667289733888,12.500666618347168,12.534667015075684,12.534667015075684,63801000
2016-11-03,2016-11-03,12.600000381469728,12.764666557312012,12.469332695007324,12.494667053222656,12.494667053222656,39795000
2016-11-04,2016-11-04,12.600000381469728,12.897333145141602,12.397333145141602,12.70400047302246,12.70400047302246,77190000
2016-11-07,2016-11-07,12.906000137329102,12.952667236328123,12.670000076293944,12.880666732788086,12.880666732788086,58051500
2016-11-08,2016-11-08,12.919333457946776,13.166000366210938,12.750666618347168,12.996000289916992,12.996000289916992,49014000
2016-11-09,2016-11-09,12.458666801452637,12.800000190734863,12.263333320617676,12.670666694641112,12.670666694641112,122596500
2016-11-10,2016-11-10,12.736666679382324,12.77400016784668,12.027999877929688,12.356666564941406,12.356666564941406,101254500
2016-11-11,2016-11-11,12.28266716003418,12.592000007629396,12.199999809265137,12.570667266845703,12.570667266845703,59827500
2016-11-14,2016-11-14,12.533332824707031,12.550000190734863,11.879332542419434,12.096667289733888,12.096667289733888,98283000
2016-11-15,2016-11-15,12.185333251953123,12.428667068481444,12.136667251586914,12.251333236694336,12.251333236694336,58530000
2016-11-16,2016-11-16,12.17666721343994,12.315333366394045,12.080666542053224,12.26200008392334,12.26200008392334,51516000
2016-11-17,2016-11-17,12.232666969299316,12.63266658782959,12.140666961669922,12.577333450317385,12.577333450317385,73306500
2016-11-18,2016-11-18,12.710000038146973,12.866666793823242,12.333333015441896,12.334667205810549,12.334667205810549,78154500
2016-11-21,2016-11-21,12.336000442504885,12.592666625976562,12.293999671936035,12.3013334274292,12.3013334274292,65415000
2016-11-22,2016-11-22,12.38933277130127,12.764666557312012,12.247332572937012,12.744667053222656,12.744667053222656,84051000
2016-11-23,2016-11-23,12.707332611083984,13.042667388916016,12.600000381469728,12.87600040435791,12.87600040435791,73378500
2016-11-25,2016-11-25,12.90933322906494,13.149333000183104,12.90933322906494,13.109999656677246,13.109999656677246,35491500
2016-11-28,2016-11-28,13.031999588012695,13.289999961853027,12.970000267028809,13.074666976928713,13.074666976928713,67938000
2016-11-29,2016-11-29,13.03733253479004,13.11533260345459,12.633333206176758,12.637999534606934,12.637999534606934,66589500
2016-11-30,2016-11-30,12.733332633972168,12.792667388916016,12.5,12.626667022705078,12.626667022705078,53206500
2016-12-01,2016-12-01,12.550000190734863,12.5686674118042,12.06666660308838,12.125332832336426,12.125332832336426,76896000
2016-12-02,2016-12-02,12.19200038909912,12.325332641601562,12.0,12.097999572753906,12.097999572753906,60634500
2016-12-05,2016-12-05,12.167332649230955,12.592666625976562,12.167332649230955,12.453332901000977,12.453332901000977,61083000
2016-12-06,2016-12-06,12.368000030517578,12.43866729736328,12.178667068481444,12.390000343322754,12.390000343322754,50874000
2016-12-07,2016-12-07,12.40999984741211,12.893333435058594,12.333333015441896,12.876667022705078,12.876667022705078,81928500
2016-12-08,2016-12-08,12.803333282470703,12.833333015441896,12.63599967956543,12.81933307647705,12.81933307647705,47911500
2016-12-09,2016-12-09,12.724666595458984,12.922666549682615,12.720666885375977,12.812000274658203,12.812000274658203,40837500
2016-12-12,2016-12-12,12.853333473205566,12.961333274841309,12.745332717895508,12.82866668701172,12.82866668701172,36583500
2016-12-13,2016-12-13,12.878666877746582,13.41866683959961,12.866666793823242,13.210000038146973,13.210000038146973,102358500
2016-12-14,2016-12-14,13.249333381652832,13.533332824707031,13.11733341217041,13.246000289916992,13.246000289916992,62263500
2016-12-15,2016-12-15,13.227333068847656,13.38266658782959,13.15933322906494,13.17199993133545,13.17199993133545,48294000
2016-12-16,2016-12-16,13.20533275604248,13.505999565124512,13.173333168029783,13.499333381652832,13.499333381652832,56953500
2016-12-19,2016-12-19,13.499333381652832,13.630000114440918,13.322667121887209,13.51533317565918,13.51533317565918,52321500
2016-12-20,2016-12-20,13.536666870117188,13.93333339691162,13.5,13.919333457946776,13.919333457946776,70336500
2016-12-21,2016-12-21,13.896666526794434,14.148667335510254,13.827333450317385,13.846667289733888,13.846667289733888,78114000
2016-12-22,2016-12-22,13.881333351135254,13.999333381652832,13.766667366027832,13.896666526794434,13.896666526794434,46666500
2016-12-23,2016-12-23,13.866666793823242,14.229999542236328,13.847332954406738,14.22266674041748,14.22266674041748,70057500
2016-12-27,2016-12-27,14.325332641601562,14.81666660308838,14.29466724395752,14.635333061218262,14.635333061218262,88735500
2016-12-28,2016-12-28,14.768667221069336,14.920000076293944,14.479999542236328,14.649333000183104,14.649333000183104,56737500
2016-12-29,2016-12-29,14.570667266845703,14.613332748413086,14.274666786193848,14.312000274658203,14.312000274658203,60675000
2016-12-30,2016-12-30,14.420000076293944,14.5,14.112000465393066,14.246000289916992,14.246000289916992,69639000
2017-01-03,2017-01-03,14.324000358581545,14.68866729736328,14.064000129699709,14.465999603271484,14.465999603271484,88849500
2017-01-04,2017-01-04,14.31666660308838,15.199999809265137,14.28733253479004,15.13266658782959,15.13266658782959,168202500
2017-01-05,2017-01-05,15.094667434692385,15.165332794189451,14.796667098999023,15.116666793823242,15.116666793823242,88675500
2017-01-06,2017-01-06,15.128666877746582,15.354000091552734,15.029999732971191,15.267333030700684,15.267333030700684,82918500
2017-01-09,2017-01-09,15.264666557312012,15.461333274841309,15.199999809265137,15.41866683959961,15.41866683959961,59692500
2017-01-10,2017-01-10,15.466667175292969,15.466667175292969,15.12600040435791,15.324666976928713,15.324666976928713,54900000
2017-01-11,2017-01-11,15.271332740783691,15.33199977874756,15.112000465393066,15.315333366394045,15.315333366394045,54762000
2017-01-12,2017-01-12,15.27066707611084,15.380000114440918,15.038666725158691,15.305999755859377,15.305999755859377,56853000
2017-01-13,2017-01-13,15.333333015441896,15.856666564941406,15.305999755859377,15.850000381469728,15.850000381469728,91395000
2017-01-17,2017-01-17,15.779999732971191,15.997332572937012,15.624667167663574,15.70533275604248,15.70533275604248,69262500
2017-01-18,2017-01-18,15.776666641235352,15.980667114257812,15.70533275604248,15.890666961669922,15.890666961669922,56535000
2017-01-19,2017-01-19,16.483333587646484,16.57866668701172,16.049999237060547,16.250667572021484,16.250667572021484,115984500
2017-01-20,2017-01-20,16.36400032043457,16.399999618530273,16.200666427612305,16.315332412719727,16.315332412719727,63064500
2017-01-23,2017-01-23,16.389999389648438,16.72599983215332,16.366666793823242,16.594667434692383,16.594667434692383,93943500
2017-01-24,2017-01-24,16.666667938232422,16.98666763305664,16.643333435058594,16.974000930786133,16.974000930786133,74482500
2017-01-25,2017-01-25,17.15399932861328,17.230667114257812,16.786666870117188,16.96466636657715,16.96466636657715,77139000
2017-01-26,2017-01-26,16.952667236328125,17.049333572387695,16.71666717529297,16.833999633789062,16.833999633789062,47281500
2017-01-27,2017-01-27,16.7586669921875,16.866666793823242,16.56800079345703,16.863332748413086,16.863332748413086,47494500
2017-01-30,2017-01-30,16.8353328704834,17.019332885742188,16.47333335876465,16.708667755126953,16.708667755126953,57016500
2017-01-31,2017-01-31,16.615999221801758,17.05933380126953,16.51333236694336,16.795333862304688,16.795333862304688,61741500
2017-02-01,2017-02-01,16.8700008392334,16.8799991607666,16.60333251953125,16.615999221801758,16.615999221801758,59382000
2017-02-02,2017-02-02,16.555999755859375,16.827999114990234,16.513999938964844,16.770000457763672,16.770000457763672,37497000
2017-02-03,2017-02-03,16.79400062561035,16.812000274658203,16.64533233642578,16.755332946777344,16.755332946777344,32800500
2017-02-06,2017-02-06,16.733333587646484,17.187999725341797,16.708667755126953,17.184667587280273,17.184667587280273,53437500
2017-02-07,2017-02-07,17.21266746520996,17.333332061767578,17.094667434692383,17.165332794189453,17.165332794189453,63672000
2017-02-08,2017-02-08,17.156667709350586,17.55733299255371,17.079999923706055,17.472000122070312,17.472000122070312,58995000
2017-02-09,2017-02-09,17.75,18.07866668701172,17.74333381652832,17.946666717529297,17.946666717529297,117303000
2017-02-10,2017-02-10,17.986000061035156,18.06333351135254,17.74066734313965,17.948667526245117,17.948667526245117,54295500
2017-02-13,2017-02-13,18.04933357238769,18.71933364868164,18.03400039672852,18.706666946411133,18.706666946411133,105444000
2017-02-14,2017-02-14,18.601999282836918,19.159332275390625,18.573999404907227,18.73200035095215,18.73200035095215,110178000
2017-02-15,2017-02-15,18.666667938232425,18.81599998474121,18.429332733154297,18.65066719055176,18.65066719055176,74218500
2017-02-16,2017-02-16,18.50666618347168,18.666667938232425,17.899999618530273,17.93000030517578,17.93000030517578,106159500
2017-02-17,2017-02-17,17.719999313354492,18.19266700744629,17.610000610351562,18.148666381835938,18.148666381835938,93856500
2017-02-21,2017-02-21,18.36333274841309,18.76000022888184,18.267332077026367,18.49266624450684,18.49266624450684,85150500
2017-02-22,2017-02-22,18.687332153320312,18.89666748046875,18.17333221435547,18.233999252319336,18.233999252319336,131325000
2017-02-23,2017-02-23,17.600000381469727,17.643999099731445,17.03733253479004,17.06599998474121,17.06599998474121,223728000
2017-02-24,2017-02-24,16.8439998626709,17.21666717529297,16.68000030517578,17.133333206176758,17.133333206176758,122574000
2017-02-27,2017-02-27,16.544666290283203,16.55733299255371,16.134000778198242,16.415332794189453,16.415332794189453,171912000
2017-02-28,2017-02-28,16.279333114624023,16.733333587646484,16.260000228881836,16.666000366210938,16.666000366210938,91171500
2017-03-01,2017-03-01,16.94533348083496,16.989999771118164,16.607332229614258,16.667999267578125,16.667999267578125,72142500
2017-03-02,2017-03-02,16.6473331451416,16.885332107543945,16.551332473754883,16.698667526245117,16.698667526245117,50277000
2017-03-03,2017-03-03,16.715999603271484,16.793333053588867,16.600000381469727,16.771333694458008,16.771333694458008,43791000
2017-03-06,2017-03-06,16.527332305908203,16.780000686645508,16.500667572021484,16.747333526611328,16.747333526611328,50332500
2017-03-07,2017-03-07,16.794666290283203,16.926000595092773,16.55466651916504,16.57266616821289,16.57266616821289,51892500
2017-03-08,2017-03-08,16.46666717529297,16.67133331298828,16.35466766357422,16.45800018310547,16.45800018310547,55878000
2017-03-09,2017-03-09,16.5086669921875,16.577333450317383,16.200000762939453,16.32666778564453,16.32666778564453,58189500
2017-03-10,2017-03-10,16.413999557495117,16.433332443237305,16.200000762939453,16.246000289916992,16.246000289916992,45994500
2017-03-13,2017-03-13,16.321332931518555,16.456666946411133,16.185333251953125,16.411333084106445,16.411333084106445,45339000
2017-03-14,2017-03-14,16.407333374023438,17.20800018310547,16.40133285522461,17.200000762939453,17.200000762939453,113976000
2017-03-15,2017-03-15,17.133333206176758,17.399999618530273,16.951332092285156,17.048667907714844,17.048667907714844,79962000
2017-03-16,2017-03-16,17.49333381652832,17.71666717529297,17.270666122436523,17.469999313354492,17.469999313354492,106983000
2017-03-17,2017-03-17,17.600000381469727,17.68866729736328,17.413333892822266,17.433332443237305,17.433332443237305,97462500
2017-03-20,2017-03-20,17.373332977294922,17.636667251586914,17.254667282104492,17.461332321166992,17.461332321166992,54214500
2017-03-21,2017-03-21,17.52199935913086,17.65333366394043,16.682666778564453,16.711999893188477,16.711999893188477,103629000
2017-03-22,2017-03-22,16.770666122436523,17.004667282104492,16.700666427612305,17.000667572021484,17.000667572021484,60889500
2017-03-23,2017-03-23,17.025999069213867,17.17799949645996,16.886667251586914,16.985332489013672,16.985332489013672,49803000
2017-03-24,2017-03-24,17.046667098999023,17.592666625976562,17.000667572021484,17.54400062561035,17.54400062561035,84709500
2017-03-27,2017-03-27,17.373332977294922,18.038000106811523,17.316667556762695,18.014667510986328,18.014667510986328,93462000
2017-03-28,2017-03-28,18.468000411987305,18.71199989318848,18.333332061767575,18.49666786193848,18.49666786193848,119814000
2017-03-29,2017-03-29,18.55599975585937,18.63999938964844,18.369333267211918,18.492000579833984,18.492000579833984,55143000
2017-03-30,2017-03-30,18.535999298095703,18.799999237060547,18.48066711425781,18.527999877929688,18.527999877929688,62226000
2017-03-31,2017-03-31,18.582000732421875,18.64533233642578,18.42133331298828,18.553333282470703,18.553333282470703,49419000
2017-04-03,2017-04-03,19.12666702270508,19.933332443237305,18.972000122070312,19.90133285522461,19.90133285522461,208329000
2017-04-04,2017-04-04,19.792667388916016,20.320667266845703,19.635332107543945,20.24666786193848,20.24666786193848,152019000
2017-04-05,2017-04-05,20.13599967956543,20.32533264160156,19.61333274841309,19.666667938232425,19.666667938232425,118213500
2017-04-06,2017-04-06,19.79199981689453,20.12933349609375,19.606666564941406,19.913333892822266,19.913333892822266,82809000
2017-04-07,2017-04-07,19.833332061767575,20.179332733154297,19.809999465942383,20.16933250427246,20.16933250427246,68694000
2017-04-10,2017-04-10,20.61000061035156,20.915332794189453,20.58066749572754,20.826000213623047,20.826000213623047,114967500
2017-04-11,2017-04-11,20.892000198364254,20.89800071716309,20.36666679382324,20.58066749572754,20.58066749572754,85869000
2017-04-12,2017-04-12,20.422666549682617,20.56333351135254,19.75466728210449,19.78933334350586,19.78933334350586,90760500
2017-04-13,2017-04-13,19.780000686645508,20.49266624450684,19.68666648864746,20.26666641235352,20.26666641235352,139269000
2017-04-17,2017-04-17,20.18000030517578,20.26666641235352,19.91200065612793,20.09600067138672,20.09600067138672,62080500
2017-04-18,2017-04-18,19.979999542236328,20.05599975585937,19.86000061035156,20.01666641235352,20.01666641235352,45535500
2017-04-19,2017-04-19,20.16399955749512,20.441333770751957,20.14066696166992,20.368000030517575,20.368000030517575,58470000
2017-04-20,2017-04-20,20.43400001525879,20.61000061035156,20.01533317565918,20.167333602905277,20.167333602905277,92241000
2017-04-21,2017-04-21,20.13333320617676,20.426666259765625,20.027999877929688,20.37333297729492,20.37333297729492,67647000
2017-04-24,2017-04-24,20.61466789245605,20.703332901000977,20.40133285522461,20.53533363342285,20.53533363342285,76252500
2017-04-25,2017-04-25,20.53333282470703,20.93199920654297,20.39066696166992,20.91933250427246,20.91933250427246,101065500
2017-04-26,2017-04-26,20.82466697692871,20.96666717529297,20.600000381469727,20.67799949645996,20.67799949645996,70425000
2017-04-27,2017-04-27,20.779333114624023,20.87266731262207,20.5,20.57533264160156,20.57533264160156,52029000
2017-04-28,2017-04-28,20.655332565307617,20.98666763305664,20.53333282470703,20.9379997253418,20.9379997253418,67582500
2017-05-01,2017-05-01,20.992000579833984,21.81666755676269,20.98733329772949,21.52199935913086,21.52199935913086,132444000
2017-05-02,2017-05-02,21.600000381469727,21.8439998626709,21.10400009155273,21.25933265686035,21.25933265686035,80742000
2017-05-03,2017-05-03,21.17799949645996,21.435333251953125,20.696666717529297,20.73466682434082,20.73466682434082,107001000
2017-05-04,2017-05-04,20.496000289916992,20.51799964904785,19.38400077819824,19.69733238220215,19.69733238220215,212280000
2017-05-05,2017-05-05,19.86666679382324,20.56999969482422,19.786666870117188,20.55666732788086,20.55666732788086,122659500
2017-05-08,2017-05-08,20.726667404174805,20.91933250427246,20.38800048828125,20.47933387756348,20.47933387756348,105097500
2017-05-09,2017-05-09,20.625333786010746,21.465999603271484,20.606666564941406,21.417333602905277,21.417333602905277,145147500
2017-05-10,2017-05-10,21.437332153320312,21.700000762939453,21.20800018310547,21.68133354187012,21.68133354187012,86124000
2017-05-11,2017-05-11,21.559999465942383,21.733333587646484,21.30666732788086,21.540000915527344,21.540000915527344,71307000
2017-05-12,2017-05-12,21.69866752624512,21.799999237060547,21.435333251953125,21.65399932861328,21.65399932861328,61824000
2017-05-15,2017-05-15,21.22533226013184,21.34666633605957,20.8353328704834,21.058666229248047,21.058666229248047,114330000
2017-05-16,2017-05-16,21.172666549682617,21.33733367919922,21.00933265686035,21.13400077819824,21.13400077819824,62287500
2017-05-17,2017-05-17,20.959333419799805,20.97533226013184,20.36666679382324,20.40733337402344,20.40733337402344,100678500
2017-05-18,2017-05-18,20.46666717529297,20.929332733154297,20.35400009155273,20.87066650390625,20.87066650390625,84807000
2017-05-19,2017-05-19,21.03333282470703,21.100000381469727,20.68000030517578,20.722000122070312,20.722000122070312,70314000
2017-05-22,2017-05-22,20.85333251953125,20.95800018310547,20.453332901000977,20.690000534057617,20.690000534057617,64938000
2017-05-23,2017-05-23,20.69733238220215,20.715333938598636,20.23200035095215,20.257333755493164,20.257333755493164,64776000
2017-05-24,2017-05-24,20.43400001525879,20.733333587646484,20.36000061035156,20.68133354187012,20.68133354187012,75499500
2017-05-25,2017-05-25,20.73466682434082,21.131332397460938,20.520666122436523,21.121999740600582,21.121999740600582,75210000
2017-05-26,2017-05-26,21.152000427246094,21.69933319091797,21.08733367919922,21.676000595092773,21.676000595092773,117033000
2017-05-30,2017-05-30,21.733333587646484,22.41866683959961,21.71733283996582,22.34000015258789,22.34000015258789,116743500
2017-05-31,2017-05-31,22.512666702270508,22.85933303833008,22.3439998626709,22.733999252319336,22.733999252319336,149451000
2017-06-01,2017-06-01,22.933332443237305,22.992000579833984,22.48600006103516,22.691333770751957,22.691333770751957,114120000
2017-06-02,2017-06-02,22.65133285522461,22.858667373657227,22.39533233642578,22.656667709350582,22.656667709350582,83853000
2017-06-05,2017-06-05,22.56666755676269,23.22933387756348,22.28066635131836,23.15466690063477,23.15466690063477,101766000
2017-06-06,2017-06-06,22.979999542236328,23.965999603271484,22.6646671295166,23.523332595825195,23.523332595825195,166302000
2017-06-07,2017-06-07,23.756000518798828,24.03333282470703,23.676000595092773,23.976667404174805,23.976667404174805,140970000
2017-06-08,2017-06-08,24.25,24.793333053588867,24.014667510986328,24.666667938232425,24.666667938232425,135922500
2017-06-09,2017-06-09,24.961332321166992,25.124666213989254,23.65333366394043,23.821332931518555,23.821332931518555,258921000
2017-06-12,2017-06-12,23.86599922180176,24.299999237060547,23.374666213989254,23.93400001525879,23.93400001525879,157765500
2017-06-13,2017-06-13,24.507999420166016,25.06666755676269,24.44066619873047,25.06333351135254,25.06333351135254,177118500
2017-06-14,2017-06-14,25.4060001373291,25.61666679382324,25.08733367919922,25.37733268737793,25.37733268737793,192276000
2017-06-15,2017-06-15,24.833332061767575,25.03066635131836,24.432666778564453,25.022666931152344,25.022666931152344,156397500
2017-06-16,2017-06-16,25.19866752624512,25.200666427612305,24.67333221435547,24.76000022888184,24.76000022888184,100965000
2017-06-19,2017-06-19,25.0,25.11333274841309,24.520000457763672,24.65333366394043,24.65333366394043,98239500
2017-06-20,2017-06-20,25.1113338470459,25.2586669921875,24.648666381835938,24.81599998474121,24.81599998474121,111580500
2017-06-21,2017-06-21,24.956666946411133,25.132667541503903,24.534666061401367,25.09333229064941,25.09333229064941,73848000
2017-06-22,2017-06-22,25.19933319091797,25.666667938232425,24.90466690063477,25.507333755493164,25.507333755493164,112947000
2017-06-23,2017-06-23,25.49666786193848,25.79933357238769,25.290000915527344,25.56333351135254,25.56333351135254,96687000
2017-06-26,2017-06-26,25.779333114624023,25.796667098999023,24.87333297729492,25.166000366210938,25.166000366210938,99061500
2017-06-27,2017-06-27,25.09333229064941,25.09333229064941,24.134666442871094,24.15800094604492,24.15800094604492,104946000
2017-06-28,2017-06-28,24.44533348083496,24.78266716003418,24.167999267578125,24.74933242797852,24.74933242797852,94537500
2017-06-29,2017-06-29,24.707332611083984,24.733333587646484,23.606666564941406,24.049999237060547,24.049999237060547,123315000
2017-06-30,2017-06-30,24.247333526611328,24.45133209228516,23.974666595458984,24.107332229614254,24.107332229614254,87727500
2017-07-03,2017-07-03,24.682666778564453,24.75666618347168,23.433332443237305,23.507999420166016,23.507999420166016,94581000
2017-07-05,2017-07-05,23.14666748046875,23.14933204650879,21.755332946777344,21.80599975585937,21.80599975585937,255700500
2017-07-06,2017-07-06,21.15066719055176,21.38599967956543,20.420000076293945,20.588666915893555,20.588666915893555,289867500
2017-07-07,2017-07-07,20.899999618530277,21.13333320617676,20.492000579833984,20.881332397460938,20.881332397460938,212653500
2017-07-10,2017-07-10,20.86000061035156,21.19599914550781,20.208667755126957,21.06999969482422,21.06999969482422,207313500
2017-07-11,2017-07-11,21.06666755676269,21.818666458129883,20.953332901000977,21.814666748046875,21.814666748046875,173391000
2017-07-12,2017-07-12,22.02666664123535,22.206666946411133,21.63333320617676,21.968000411987305,21.968000411987305,155191500
2017-07-13,2017-07-13,22.007333755493164,22.106666564941406,21.33133316040039,21.560667037963867,21.560667037963867,128917500
2017-07-14,2017-07-14,21.54599952697754,21.89466667175293,21.4146671295166,21.851999282836918,21.851999282836918,84378000
2017-07-17,2017-07-17,21.702667236328125,21.80666732788086,20.89666748046875,21.30466651916504,21.30466651916504,148153500
2017-07-18,2017-07-18,21.166667938232425,21.941999435424805,21.04400062561035,21.882667541503903,21.882667541503903,95605500
2017-07-19,2017-07-19,21.881999969482425,22.11000061035156,21.54800033569336,21.68400001525879,21.68400001525879,95355000
2017-07-20,2017-07-20,21.793333053588867,22.014667510986328,21.61333274841309,21.994667053222656,21.994667053222656,77493000
2017-07-21,2017-07-21,21.964000701904297,22.083999633789062,21.71999931335449,21.893333435058597,21.893333435058597,73524000
2017-07-24,2017-07-24,22.016000747680664,22.893333435058597,22.000667572021484,22.834667205810547,22.834667205810547,129556500
2017-07-25,2017-07-25,23.0,23.040000915527344,22.27666664123535,22.63999938964844,22.63999938964844,104838000
2017-07-26,2017-07-26,22.69066619873047,23.03333282470703,22.541332244873047,22.92333221435547,22.92333221435547,72312000
2017-07-27,2017-07-27,23.06666755676269,23.166667938232425,21.752666473388672,22.297332763671875,22.297332763671875,124536000
2017-07-28,2017-07-28,22.459333419799805,22.63999938964844,22.167333602905277,22.33799934387207,22.33799934387207,73206000
2017-07-31,2017-07-31,22.36666679382324,22.766000747680664,21.402666091918945,21.564666748046875,21.564666748046875,128026500
2017-08-01,2017-08-01,21.53333282470703,21.6299991607666,21.07533264160156,21.30466651916504,21.30466651916504,124546500
2017-08-02,2017-08-02,21.262666702270508,21.808000564575195,20.74799919128418,21.72599983215332,21.72599983215332,196372500
2017-08-03,2017-08-03,23.02199935913086,23.333332061767575,22.87666702270508,23.139333724975582,23.139333724975582,203025000
2017-08-04,2017-08-04,23.13333320617676,23.81800079345703,22.886667251586918,23.79400062561035,23.79400062561035,139033500
2017-08-07,2017-08-07,23.82333374023437,23.965333938598636,23.51666641235352,23.67799949645996,23.67799949645996,94867500
2017-08-08,2017-08-08,23.8353328704834,24.57200050354004,23.82666778564453,24.347999572753903,24.347999572753903,111747000
2017-08-09,2017-08-09,24.06666755676269,24.666667938232425,23.93000030517578,24.235332489013672,24.235332489013672,103381500
2017-08-10,2017-08-10,24.106666564941406,24.44333267211914,23.643999099731445,23.69333267211914,23.69333267211914,106393500
2017-08-11,2017-08-11,23.79800033569336,24.083999633789062,23.57466697692871,23.857999801635746,23.857999801635746,65487000
2017-08-14,2017-08-14,24.308666229248047,24.51066780090332,24.17333221435547,24.253332138061523,24.253332138061523,67788000
2017-08-15,2017-08-15,24.34666633605957,24.36599922180176,23.95800018310547,24.155332565307617,24.155332565307617,46276500
2017-08-16,2017-08-16,24.200000762939453,24.433332443237305,24.167999267578125,24.194000244140625,24.194000244140625,51207000
2017-08-17,2017-08-17,24.08066749572754,24.21999931335449,23.439332962036133,23.461332321166992,23.461332321166992,75415500
2017-08-18,2017-08-18,23.527332305908203,23.600000381469727,23.053333282470703,23.16399955749512,23.16399955749512,81123000
2017-08-21,2017-08-21,23.05466651916504,23.05466651916504,22.12333297729492,22.52400016784668,22.52400016784668,97431000
2017-08-22,2017-08-22,22.742000579833984,22.81599998474121,22.4913330078125,22.75666618347168,22.75666618347168,64830000
2017-08-23,2017-08-23,22.59933280944824,23.56599998474121,22.553333282470703,23.51799964904785,23.51799964904785,74317500
2017-08-24,2017-08-24,23.501333236694336,23.777332305908203,23.31599998474121,23.52866744995117,23.52866744995117,68770500
2017-08-25,2017-08-25,23.61599922180176,23.71266746520996,23.15333366394043,23.203332901000977,23.203332901000977,52260000
2017-08-28,2017-08-28,23.152000427246094,23.156667709350582,22.64800071716309,23.04400062561035,23.04400062561035,56460000
2017-08-29,2017-08-29,22.631999969482425,23.270000457763672,22.583332061767575,23.15733337402344,23.15733337402344,61105500
2017-08-30,2017-08-30,23.31133270263672,23.564666748046875,23.13333320617676,23.545333862304688,23.545333862304688,51193500
2017-08-31,2017-08-31,23.56999969482422,23.895999908447266,23.521333694458008,23.726667404174805,23.726667404174805,61092000
2017-09-01,2017-09-01,23.7413330078125,23.839332580566406,23.57933235168457,23.69333267211914,23.69333267211914,45742500
2017-09-05,2017-09-05,23.58666610717773,23.69933319091797,23.05933380126953,23.30599975585937,23.30599975585937,57526500
2017-09-06,2017-09-06,23.299999237060547,23.398666381835938,22.770666122436523,22.96866607666016,22.96866607666016,61371000
2017-09-07,2017-09-07,23.065332412719727,23.498666763305664,22.89666748046875,23.374000549316406,23.374000549316406,63588000
2017-09-08,2017-09-08,23.266000747680664,23.318666458129883,22.81999969482422,22.893333435058597,22.893333435058597,48952500
2017-09-11,2017-09-11,23.42333221435547,24.247333526611328,23.333332061767575,24.246000289916992,24.246000289916992,115006500
2017-09-12,2017-09-12,24.29933357238769,24.583999633789062,24.02666664123535,24.183332443237305,24.183332443237305,89593500
2017-09-13,2017-09-13,24.25466728210449,24.538000106811523,23.9726676940918,24.415332794189453,24.415332794189453,62778000
2017-09-14,2017-09-14,24.288667678833008,25.19733238220215,24.17533302307129,25.176000595092773,25.176000595092773,108037500
2017-09-15,2017-09-15,24.96733283996582,25.333332061767575,24.84666633605957,25.320667266845703,25.320667266845703,81307500
2017-09-18,2017-09-18,25.350000381469727,25.974000930786133,25.178667068481445,25.666667938232425,25.666667938232425,107820000
2017-09-19,2017-09-19,25.333332061767575,25.49266624450684,24.90466690063477,25.00666618347168,25.00666618347168,96778500
2017-09-20,2017-09-20,24.86666679382324,25.21666717529297,24.738000869750977,24.92733383178711,24.92733383178711,73786500
2017-09-21,2017-09-21,24.99333381652832,25.121999740600582,24.30066680908203,24.43199920654297,24.43199920654297,69273000
2017-09-22,2017-09-22,24.432666778564453,24.65999984741211,23.392000198364254,23.4060001373291,23.4060001373291,122391000
2017-09-25,2017-09-25,23.543333053588867,23.83133316040039,22.858667373657227,22.99933242797852,22.99933242797852,114088500
2017-09-26,2017-09-26,23.39533233642578,23.416000366210938,22.726667404174805,23.01666641235352,23.01666641235352,107344500
2017-09-27,2017-09-27,23.32666778564453,23.432666778564453,22.700000762939453,22.731332778930664,22.731332778930664,90904500
2017-09-28,2017-09-28,22.658666610717773,22.850000381469727,22.36000061035156,22.63999938964844,22.63999938964844,79794000
2017-09-29,2017-09-29,22.790666580200195,22.978666305541992,22.57333374023437,22.739999771118164,22.739999771118164,76606500
2017-10-02,2017-10-02,22.834667205810547,22.913333892822266,22.367332458496094,22.768667221069336,22.768667221069336,79302000
2017-10-03,2017-10-03,22.393333435058597,23.23666763305664,22.0853328704834,23.209333419799805,23.209333419799805,152304000
2017-10-04,2017-10-04,23.416667938232425,23.90800094604492,23.30666732788086,23.667333602905277,23.667333602905277,122452500
2017-10-05,2017-10-05,23.733333587646484,23.82933235168457,23.42333221435547,23.68866729736328,23.68866729736328,62575500
2017-10-06,2017-10-06,23.540000915527344,24.00666618347168,23.483333587646484,23.79199981689453,23.79199981689453,64462500
2017-10-09,2017-10-09,23.309999465942383,23.450000762939453,22.844667434692383,22.862667083740234,22.862667083740234,112405500
2017-10-10,2017-10-10,23.1200008392334,23.708667755126957,23.03533363342285,23.70599937438965,23.70599937438965,104677500
2017-10-11,2017-10-11,23.59266662597656,23.84000015258789,23.40999984741211,23.63999938964844,23.63999938964844,67512000
2017-10-12,2017-10-12,23.530000686645508,23.985332489013672,23.50933265686035,23.71199989318848,23.71199989318848,61305000
2017-10-13,2017-10-13,23.798667907714844,23.89933204650879,23.57866668701172,23.704666137695312,23.704666137695312,53107500
2017-10-16,2017-10-16,23.583999633789062,23.631999969482425,23.143999099731445,23.37333297729492,23.37333297729492,80632500
2017-10-17,2017-10-17,23.393999099731445,23.74799919128418,23.33799934387207,23.71666717529297,23.71666717529297,49399500
2017-10-18,2017-10-18,23.731332778930664,24.200000762939453,23.608667373657227,23.976667404174805,23.976667404174805,74086500
2017-10-19,2017-10-19,23.70400047302246,23.809999465942383,23.21333312988281,23.45400047302246,23.45400047302246,75927000
2017-10-20,2017-10-20,23.512666702270508,23.636667251586918,22.95599937438965,23.00666618347168,23.00666618347168,73956000
2017-10-23,2017-10-23,23.32533264160156,23.32999992370605,22.416667938232425,22.468000411987305,22.468000411987305,86209500
2017-10-24,2017-10-24,22.58666610717773,22.85333251953125,22.410667419433597,22.48933219909668,22.48933219909668,67375500
2017-10-25,2017-10-25,22.446666717529297,22.5,21.570667266845703,21.7226676940918,21.7226676940918,128911500
2017-10-26,2017-10-26,21.851999282836918,22.01533317565918,21.546667098999023,21.744667053222656,21.744667053222656,75352500
2017-10-27,2017-10-27,21.31666755676269,21.639333724975582,21.11066627502441,21.391332626342773,21.391332626342773,104695500
2017-10-30,2017-10-30,21.27866744995117,21.5853328704834,21.149999618530277,21.338666915893555,21.338666915893555,63816000
2017-10-31,2017-10-31,21.34866714477539,22.1299991607666,21.345333099365234,22.101999282836918,22.101999282836918,85084500
2017-11-01,2017-11-01,22.149999618530277,22.173999786376957,21.35066795349121,21.405332565307617,21.405332565307617,126859500
2017-11-02,2017-11-02,20.0086669921875,20.57933235168457,19.5086669921875,19.950666427612305,19.950666427612305,296871000
2017-11-03,2017-11-03,19.96666717529297,20.416667938232425,19.67533302307129,20.4060001373291,20.4060001373291,133410000
2017-11-06,2017-11-06,20.46666717529297,20.5,19.93400001525879,20.185333251953125,20.185333251953125,97290000
2017-11-07,2017-11-07,20.06800079345703,20.433332443237305,20.00200080871582,20.40333366394043,20.40333366394043,79414500
2017-11-08,2017-11-08,20.36666679382324,20.459333419799805,20.08666610717773,20.292667388916016,20.292667388916016,70879500
2017-11-09,2017-11-09,20.166667938232425,20.297332763671875,19.753332138061523,20.19933319091797,20.19933319091797,81706500
2017-11-10,2017-11-10,20.166667938232425,20.55733299255371,20.12333297729492,20.19933319091797,20.19933319091797,69381000
2017-11-13,2017-11-13,20.0086669921875,21.1200008392334,19.94066619873047,21.02666664123535,21.02666664123535,113773500
2017-11-14,2017-11-14,21.0,21.09000015258789,20.459999084472656,20.57999992370605,20.57999992370605,85141500
2017-11-15,2017-11-15,20.40066719055176,20.832666397094727,20.100000381469727,20.753332138061523,20.753332138061523,89680500
2017-11-16,2017-11-16,20.932666778564453,21.209333419799805,20.753332138061523,20.833332061767575,20.833332061767575,87331500
2017-11-17,2017-11-17,21.711332321166992,21.777999877929688,20.87666702270508,21.003332138061523,21.003332138061523,206026500
2017-11-20,2017-11-20,20.91933250427246,21.03333282470703,20.31666755676269,20.582666397094727,20.582666397094727,123715500
2017-11-21,2017-11-21,20.724000930786133,21.215333938598636,20.58066749572754,21.187332153320312,21.187332153320312,108919500
2017-11-22,2017-11-22,21.118000030517575,21.161333084106445,20.78933334350586,20.84000015258789,20.84000015258789,73764000
2017-11-24,2017-11-24,20.91933250427246,21.0939998626709,20.733333587646484,21.036666870117188,21.036666870117188,48661500
2017-11-27,2017-11-27,20.88333320617676,21.1560001373291,20.63400077819824,21.12066650390625,21.12066650390625,68338500
2017-11-28,2017-11-28,21.09066772460937,21.333332061767575,20.92799949645996,21.170000076293945,21.170000076293945,74242500
2017-11-29,2017-11-29,21.15333366394043,21.200000762939453,20.082000732421875,20.502666473388672,20.502666473388672,131511000
2017-11-30,2017-11-30,20.570667266845703,20.71333312988281,20.30266761779785,20.59000015258789,20.59000015258789,65274000
2017-12-01,2017-12-01,20.362667083740234,20.6879997253418,20.33666610717773,20.435333251953125,20.435333251953125,64393500
2017-12-04,2017-12-04,20.433332443237305,20.551332473754883,20.040666580200195,20.34666633605957,20.34666633605957,87526500
2017-12-05,2017-12-05,20.13333320617676,20.53333282470703,20.06666755676269,20.24666786193848,20.24666786193848,69697500
2017-12-06,2017-12-06,20.00666618347168,20.892667770385746,20.0,20.88400077819824,20.88400077819824,107929500
2017-12-07,2017-12-07,20.799999237060547,21.242000579833984,20.73666763305664,20.74933242797852,20.74933242797852,71709000
2017-12-08,2017-12-08,20.97333335876465,21.131999969482425,20.750667572021484,21.0086669921875,21.0086669921875,52027500
2017-12-11,2017-12-11,20.97533226013184,21.93400001525879,20.916667938232425,21.92733383178711,21.92733383178711,119070000
2017-12-12,2017-12-12,22.030000686645508,22.762666702270508,22.00200080871582,22.735332489013672,22.735332489013672,130998000
2017-12-13,2017-12-13,22.728666305541992,22.947999954223636,22.433332443237305,22.601999282836918,22.601999282836918,93322500
2017-12-14,2017-12-14,22.733999252319336,23.16266632080078,22.459999084472656,22.525999069213867,22.525999069213867,86998500
2017-12-15,2017-12-15,22.80266761779785,22.926666259765625,22.38400077819824,22.89666748046875,22.89666748046875,103998000
2017-12-18,2017-12-18,22.99333381652832,23.115333557128903,22.505332946777344,22.591333389282227,22.591333389282227,82143000
2017-12-19,2017-12-19,22.68400001525879,22.766000747680664,22.020000457763672,22.07333374023437,22.07333374023437,102375000
2017-12-20,2017-12-20,22.179332733154297,22.206666946411133,21.66933250427246,21.93199920654297,21.93199920654297,89307000
2017-12-21,2017-12-21,21.9726676940918,22.24933242797852,21.81399917602539,22.11066627502441,22.11066627502441,65778000
2017-12-22,2017-12-22,21.96733283996582,22.06133270263672,21.65466690063477,21.68000030517578,21.68000030517578,63237000
2017-12-26,2017-12-26,21.588666915893555,21.59600067138672,21.10533332824707,21.152666091918945,21.152666091918945,65676000
2017-12-27,2017-12-27,21.06666755676269,21.178667068481445,20.71666717529297,20.775999069213867,20.775999069213867,70681500
2017-12-28,2017-12-28,20.78333282470703,21.05466651916504,20.63599967956543,21.02400016784668,21.02400016784668,64744500
2017-12-29,2017-12-29,21.07866668701172,21.0939998626709,20.666667938232425,20.75666618347168,20.75666618347168,56658000
